#restaurantes
insert into SERVICIO(id_servicio, nombre_servicio, modalidad_pago_servicio, costo_servicio, precio_servicio, descuento_servicio, requiere_cita_servicio, detalles_servicio, fk_categoria) value (null, 'Bistro El pollito feliz', 'NA', null, null, null, 0, null, 34);
insert into SALON_FIESTA(id_servicio, capacidad_salon_fiesta, vigilancia_salon_fiesta, fk_lugar) value (26, 200, 'Vigilancia, estacionamiento cerrado', 25);
insert into SERVICIO(id_servicio, nombre_servicio, modalidad_pago_servicio, costo_servicio, precio_servicio, descuento_servicio, requiere_cita_servicio, detalles_servicio, fk_categoria) value (null, 'Restaurant La canasta', 'NA', null, null, null, 0, null, 34);
insert into SALON_FIESTA(id_servicio, capacidad_salon_fiesta, vigilancia_salon_fiesta, fk_lugar) value (27, 20, 'camaras de seguridad', 26);
insert into SERVICIO(id_servicio, nombre_servicio, modalidad_pago_servicio, costo_servicio, precio_servicio, descuento_servicio, requiere_cita_servicio, detalles_servicio, fk_categoria) value (null, 'Restaurant Rellenalo', 'NA', null, null, null, 0, null, 34);
insert into SALON_FIESTA(id_servicio, capacidad_salon_fiesta, vigilancia_salon_fiesta, fk_lugar) value (28, 70, 'Vigilancia, camaras de seguridad', 27);
insert into SERVICIO(id_servicio, nombre_servicio, modalidad_pago_servicio, costo_servicio, precio_servicio, descuento_servicio, requiere_cita_servicio, detalles_servicio, fk_categoria) value (null, 'Tasca Paladares', 'NA', null, null, null, 0, null, 34);
insert into SALON_FIESTA(id_servicio, capacidad_salon_fiesta, vigilancia_salon_fiesta, fk_lugar) value (29, 50, 'Estacionamiento cerrado', 28);
insert into SERVICIO(id_servicio, nombre_servicio, modalidad_pago_servicio, costo_servicio, precio_servicio, descuento_servicio, requiere_cita_servicio, detalles_servicio, fk_categoria) value (null, 'Tasca 黙れ: Damare', 'NA', null, null, null, 0, null, 34);
insert into SALON_FIESTA(id_servicio, capacidad_salon_fiesta, vigilancia_salon_fiesta, fk_lugar) value (30, 20, 'Vigilancia, camaras de seguridad, Estacionamiento cerrado', 29);
insert into SERVICIO(id_servicio, nombre_servicio, modalidad_pago_servicio, costo_servicio, precio_servicio, descuento_servicio, requiere_cita_servicio, detalles_servicio, fk_categoria) value (null, 'Restaurant quelque chose de doux', 'NA', null, null, null, 0, null, 34);
insert into SALON_FIESTA(id_servicio, capacidad_salon_fiesta, vigilancia_salon_fiesta, fk_lugar) value (31, 200, 'camaras de seguridad', 30);
insert into SERVICIO(id_servicio, nombre_servicio, modalidad_pago_servicio, costo_servicio, precio_servicio, descuento_servicio, requiere_cita_servicio, detalles_servicio, fk_categoria) value (null, 'Bistro La caja de sorpresas', 'NA', null, null, null, 0, null, 34);
insert into SALON_FIESTA(id_servicio, capacidad_salon_fiesta, vigilancia_salon_fiesta, fk_lugar) value (32, 100, 'Vigilancia, camaras de seguridad, Estacionamiento cerrado', 31);
insert into SERVICIO(id_servicio, nombre_servicio, modalidad_pago_servicio, costo_servicio, precio_servicio, descuento_servicio, requiere_cita_servicio, detalles_servicio, fk_categoria) value (null, 'Bistro & Bar Sinestesia sensorial', 'NA', null, null, null, 0, null, 34);
insert into SALON_FIESTA(id_servicio, capacidad_salon_fiesta, vigilancia_salon_fiesta, fk_lugar) value (33, 20, 'Estacionamiento cerrado', 32);
insert into SERVICIO(id_servicio, nombre_servicio, modalidad_pago_servicio, costo_servicio, precio_servicio, descuento_servicio, requiere_cita_servicio, detalles_servicio, fk_categoria) value (null, 'Restaurant Un café', 'NA', null, null, null, 0, null, 34);
insert into SALON_FIESTA(id_servicio, capacidad_salon_fiesta, vigilancia_salon_fiesta, fk_lugar) value (34, 50, 'Vigilancia, camaras de seguridad, Estacionamiento cerrado', 33);
insert into SERVICIO(id_servicio, nombre_servicio, modalidad_pago_servicio, costo_servicio, precio_servicio, descuento_servicio, requiere_cita_servicio, detalles_servicio, fk_categoria) value (null, 'Bistro & Bar Fuente de vida', 'NA', null, null, null, 0, null, 34);
insert into SALON_FIESTA(id_servicio, capacidad_salon_fiesta, vigilancia_salon_fiesta, fk_lugar) value (35, 70, 'camaras de seguridad, Estacionamiento cerrado', 34);
insert into SERVICIO(id_servicio, nombre_servicio, modalidad_pago_servicio, costo_servicio, precio_servicio, descuento_servicio, requiere_cita_servicio, detalles_servicio, fk_categoria) value (null, 'Restaurant La cabaña de las hamburguesas', 'NA', null, null, null, 0, null, 34);
insert into SALON_FIESTA(id_servicio, capacidad_salon_fiesta, vigilancia_salon_fiesta, fk_lugar) value (36, 35, 'camaras de seguridad, Estacionamiento cerrado', 35);
insert into SERVICIO(id_servicio, nombre_servicio, modalidad_pago_servicio, costo_servicio, precio_servicio, descuento_servicio, requiere_cita_servicio, detalles_servicio, fk_categoria) value (null, 'Restaurant El tejado', 'NA', null, null, null, 0, null, 34);
insert into SALON_FIESTA(id_servicio, capacidad_salon_fiesta, vigilancia_salon_fiesta, fk_lugar) value (37, 100, 'Vigilancia, camaras de seguridad, Estacionamiento cerrado', 36);
insert into SERVICIO(id_servicio, nombre_servicio, modalidad_pago_servicio, costo_servicio, precio_servicio, descuento_servicio, requiere_cita_servicio, detalles_servicio, fk_categoria) value (null, 'Bistro & Bar En la terraza', 'NA', null, null, null, 0, null, 34);
insert into SALON_FIESTA(id_servicio, capacidad_salon_fiesta, vigilancia_salon_fiesta, fk_lugar) value (38, 85, 'Vigilancia, estacionamiento cerrado', 37);
insert into SERVICIO(id_servicio, nombre_servicio, modalidad_pago_servicio, costo_servicio, precio_servicio, descuento_servicio, requiere_cita_servicio, detalles_servicio, fk_categoria) value (null, 'Bistro & Bar la source gourmet', 'NA', null, null, null, 0, null, 34);
insert into SALON_FIESTA(id_servicio, capacidad_salon_fiesta, vigilancia_salon_fiesta, fk_lugar) value (39, 50, 'Vigilancia, estacionamiento cerrado', 38);
insert into SERVICIO(id_servicio, nombre_servicio, modalidad_pago_servicio, costo_servicio, precio_servicio, descuento_servicio, requiere_cita_servicio, detalles_servicio, fk_categoria) value (null, 'Bistro Colosseo di Alfonso', 'NA', null, null, null, 0, null, 34);
insert into SALON_FIESTA(id_servicio, capacidad_salon_fiesta, vigilancia_salon_fiesta, fk_lugar) value (40, 85, 'Vigilancia, estacionamiento cerrado', 39);
insert into SERVICIO(id_servicio, nombre_servicio, modalidad_pago_servicio, costo_servicio, precio_servicio, descuento_servicio, requiere_cita_servicio, detalles_servicio, fk_categoria) value (null, 'Bistro & Bar La librería café', 'NA', null, null, null, 0, null, 34);
insert into SALON_FIESTA(id_servicio, capacidad_salon_fiesta, vigilancia_salon_fiesta, fk_lugar) value (41, 50, 'camaras de seguridad, Estacionamiento cerrado', 40);
insert into SERVICIO(id_servicio, nombre_servicio, modalidad_pago_servicio, costo_servicio, precio_servicio, descuento_servicio, requiere_cita_servicio, detalles_servicio, fk_categoria) value (null, 'Bistro Baklava', 'NA', null, null, null, 0, null, 34);
insert into SALON_FIESTA(id_servicio, capacidad_salon_fiesta, vigilancia_salon_fiesta, fk_lugar) value (42, 85, 'Vigilancia, camaras de seguridad', 41);
insert into SERVICIO(id_servicio, nombre_servicio, modalidad_pago_servicio, costo_servicio, precio_servicio, descuento_servicio, requiere_cita_servicio, detalles_servicio, fk_categoria) value (null, 'Bistro & Bar Falafel Phil', 'NA', null, null, null, 0, null, 34);
insert into SALON_FIESTA(id_servicio, capacidad_salon_fiesta, vigilancia_salon_fiesta, fk_lugar) value (43, 150, 'Vigilancia, camaras de seguridad, Estacionamiento cerrado', 42);
insert into SERVICIO(id_servicio, nombre_servicio, modalidad_pago_servicio, costo_servicio, precio_servicio, descuento_servicio, requiere_cita_servicio, detalles_servicio, fk_categoria) value (null, 'Restaurant China town', 'NA', null, null, null, 0, null, 34);
insert into SALON_FIESTA(id_servicio, capacidad_salon_fiesta, vigilancia_salon_fiesta, fk_lugar) value (44, 100, 'camaras de seguridad', 43);
insert into SERVICIO(id_servicio, nombre_servicio, modalidad_pago_servicio, costo_servicio, precio_servicio, descuento_servicio, requiere_cita_servicio, detalles_servicio, fk_categoria) value (null, 'Restaurant Dragón rojo', 'NA', null, null, null, 0, null, 34);
insert into SALON_FIESTA(id_servicio, capacidad_salon_fiesta, vigilancia_salon_fiesta, fk_lugar) value (45, 70, 'Vigilancia, camaras de seguridad, Estacionamiento cerrado', 44);
insert into SERVICIO(id_servicio, nombre_servicio, modalidad_pago_servicio, costo_servicio, precio_servicio, descuento_servicio, requiere_cita_servicio, detalles_servicio, fk_categoria) value (null, 'Bistro El caldero chorreante', 'NA', null, null, null, 0, null, 34);
insert into SALON_FIESTA(id_servicio, capacidad_salon_fiesta, vigilancia_salon_fiesta, fk_lugar) value (46, 100, 'camaras de seguridad, Estacionamiento cerrado', 45);
insert into SERVICIO(id_servicio, nombre_servicio, modalidad_pago_servicio, costo_servicio, precio_servicio, descuento_servicio, requiere_cita_servicio, detalles_servicio, fk_categoria) value (null, 'Bistro & Bar Cabeza de puerco', 'NA', null, null, null, 0, null, 34);
insert into SALON_FIESTA(id_servicio, capacidad_salon_fiesta, vigilancia_salon_fiesta, fk_lugar) value (47, 200, 'Estacionamiento cerrado', 46);
insert into SERVICIO(id_servicio, nombre_servicio, modalidad_pago_servicio, costo_servicio, precio_servicio, descuento_servicio, requiere_cita_servicio, detalles_servicio, fk_categoria) value (null, 'Tasca Lo hijos del sol', 'NA', null, null, null, 0, null, 34);
insert into SALON_FIESTA(id_servicio, capacidad_salon_fiesta, vigilancia_salon_fiesta, fk_lugar) value (48, 70, 'Vigilancia, camaras de seguridad, Estacionamiento cerrado', 47);
insert into SERVICIO(id_servicio, nombre_servicio, modalidad_pago_servicio, costo_servicio, precio_servicio, descuento_servicio, requiere_cita_servicio, detalles_servicio, fk_categoria) value (null, 'Restaurant MCDennis', 'NA', null, null, null, 0, null, 34);
insert into SALON_FIESTA(id_servicio, capacidad_salon_fiesta, vigilancia_salon_fiesta, fk_lugar) value (49, 85, 'camaras de seguridad', 48);
insert into SERVICIO(id_servicio, nombre_servicio, modalidad_pago_servicio, costo_servicio, precio_servicio, descuento_servicio, requiere_cita_servicio, detalles_servicio, fk_categoria) value (null, 'Bistro & Bar El alerón', 'NA', null, null, null, 0, null, 34);
insert into SALON_FIESTA(id_servicio, capacidad_salon_fiesta, vigilancia_salon_fiesta, fk_lugar) value (50, 85, 'camaras de seguridad, Estacionamiento cerrado', 49);
insert into SERVICIO(id_servicio, nombre_servicio, modalidad_pago_servicio, costo_servicio, precio_servicio, descuento_servicio, requiere_cita_servicio, detalles_servicio, fk_categoria) value (null, 'Bistro & Bar Papilas', 'NA', null, null, null, 0, null, 34);
insert into SALON_FIESTA(id_servicio, capacidad_salon_fiesta, vigilancia_salon_fiesta, fk_lugar) value (51, 200, 'Estacionamiento cerrado', 50);
insert into SERVICIO(id_servicio, nombre_servicio, modalidad_pago_servicio, costo_servicio, precio_servicio, descuento_servicio, requiere_cita_servicio, detalles_servicio, fk_categoria) value (null, 'Bistro & Bar Mexico town', 'NA', null, null, null, 0, null, 34);
insert into SALON_FIESTA(id_servicio, capacidad_salon_fiesta, vigilancia_salon_fiesta, fk_lugar) value (52, 70, 'Vigilancia, camaras de seguridad, Estacionamiento cerrado', 51);
insert into SERVICIO(id_servicio, nombre_servicio, modalidad_pago_servicio, costo_servicio, precio_servicio, descuento_servicio, requiere_cita_servicio, detalles_servicio, fk_categoria) value (null, 'Restaurant Los tacos de Tuco', 'NA', null, null, null, 0, null, 34);
insert into SALON_FIESTA(id_servicio, capacidad_salon_fiesta, vigilancia_salon_fiesta, fk_lugar) value (53, 100, 'camaras de seguridad', 52);
insert into SERVICIO(id_servicio, nombre_servicio, modalidad_pago_servicio, costo_servicio, precio_servicio, descuento_servicio, requiere_cita_servicio, detalles_servicio, fk_categoria) value (null, 'Bistro & Bar Chef Don Eladio', 'NA', null, null, null, 0, null, 34);
insert into SALON_FIESTA(id_servicio, capacidad_salon_fiesta, vigilancia_salon_fiesta, fk_lugar) value (54, 70, 'camaras de seguridad, Estacionamiento cerrado', 53);
insert into SERVICIO(id_servicio, nombre_servicio, modalidad_pago_servicio, costo_servicio, precio_servicio, descuento_servicio, requiere_cita_servicio, detalles_servicio, fk_categoria) value (null, 'Bistro & Bar Altamar', 'NA', null, null, null, 0, null, 34);
insert into SALON_FIESTA(id_servicio, capacidad_salon_fiesta, vigilancia_salon_fiesta, fk_lugar) value (55, 100, 'camaras de seguridad, Estacionamiento cerrado', 54);
insert into SERVICIO(id_servicio, nombre_servicio, modalidad_pago_servicio, costo_servicio, precio_servicio, descuento_servicio, requiere_cita_servicio, detalles_servicio, fk_categoria) value (null, 'Restaurant El barco', 'NA', null, null, null, 0, null, 34);
insert into SALON_FIESTA(id_servicio, capacidad_salon_fiesta, vigilancia_salon_fiesta, fk_lugar) value (56, 20, 'Vigilancia, camaras de seguridad', 55);
insert into SERVICIO(id_servicio, nombre_servicio, modalidad_pago_servicio, costo_servicio, precio_servicio, descuento_servicio, requiere_cita_servicio, detalles_servicio, fk_categoria) value (null, 'Restaurant El aviario', 'NA', null, null, null, 0, null, 34);
insert into SALON_FIESTA(id_servicio, capacidad_salon_fiesta, vigilancia_salon_fiesta, fk_lugar) value (57, 100, 'Vigilancia, camaras de seguridad, Estacionamiento cerrado', 56);
insert into SERVICIO(id_servicio, nombre_servicio, modalidad_pago_servicio, costo_servicio, precio_servicio, descuento_servicio, requiere_cita_servicio, detalles_servicio, fk_categoria) value (null, 'Tasca La granja de la señora tweedy', 'NA', null, null, null, 0, null, 34);
insert into SALON_FIESTA(id_servicio, capacidad_salon_fiesta, vigilancia_salon_fiesta, fk_lugar) value (58, 100, 'Vigilancia, estacionamiento cerrado', 57);
insert into SERVICIO(id_servicio, nombre_servicio, modalidad_pago_servicio, costo_servicio, precio_servicio, descuento_servicio, requiere_cita_servicio, detalles_servicio, fk_categoria) value (null, 'Tasca Granos de café', 'NA', null, null, null, 0, null, 34);
insert into SALON_FIESTA(id_servicio, capacidad_salon_fiesta, vigilancia_salon_fiesta, fk_lugar) value (59, 35, 'Vigilancia, camaras de seguridad, Estacionamiento cerrado', 58);
insert into SERVICIO(id_servicio, nombre_servicio, modalidad_pago_servicio, costo_servicio, precio_servicio, descuento_servicio, requiere_cita_servicio, detalles_servicio, fk_categoria) value (null, 'Bistro La cabaña del fondue', 'NA', null, null, null, 0, null, 34);
insert into SALON_FIESTA(id_servicio, capacidad_salon_fiesta, vigilancia_salon_fiesta, fk_lugar) value (60, 50, 'Estacionamiento cerrado', 59);
insert into SERVICIO(id_servicio, nombre_servicio, modalidad_pago_servicio, costo_servicio, precio_servicio, descuento_servicio, requiere_cita_servicio, detalles_servicio, fk_categoria) value (null, 'Tasca die Mühle', 'NA', null, null, null, 0, null, 34);
insert into SALON_FIESTA(id_servicio, capacidad_salon_fiesta, vigilancia_salon_fiesta, fk_lugar) value (61, 200, 'Vigilancia, camaras de seguridad, Estacionamiento cerrado', 60);
insert into SERVICIO(id_servicio, nombre_servicio, modalidad_pago_servicio, costo_servicio, precio_servicio, descuento_servicio, requiere_cita_servicio, detalles_servicio, fk_categoria) value (null, 'Restaurant Pinera Bakery', 'NA', null, null, null, 0, null, 34);
insert into SALON_FIESTA(id_servicio, capacidad_salon_fiesta, vigilancia_salon_fiesta, fk_lugar) value (62, 50, 'camaras de seguridad', 61);
insert into SERVICIO(id_servicio, nombre_servicio, modalidad_pago_servicio, costo_servicio, precio_servicio, descuento_servicio, requiere_cita_servicio, detalles_servicio, fk_categoria) value (null, 'Bistro Pa donde Tulio', 'NA', null, null, null, 0, null, 34);
insert into SALON_FIESTA(id_servicio, capacidad_salon_fiesta, vigilancia_salon_fiesta, fk_lugar) value (63, 100, 'camaras de seguridad, Estacionamiento cerrado', 62);
insert into SERVICIO(id_servicio, nombre_servicio, modalidad_pago_servicio, costo_servicio, precio_servicio, descuento_servicio, requiere_cita_servicio, detalles_servicio, fk_categoria) value (null, 'Restaurant El cochinito', 'NA', null, null, null, 0, null, 34);
insert into SALON_FIESTA(id_servicio, capacidad_salon_fiesta, vigilancia_salon_fiesta, fk_lugar) value (64, 50, 'Vigilancia, camaras de seguridad, Estacionamiento cerrado', 63);
insert into SERVICIO(id_servicio, nombre_servicio, modalidad_pago_servicio, costo_servicio, precio_servicio, descuento_servicio, requiere_cita_servicio, detalles_servicio, fk_categoria) value (null, 'Restaurant El budare', 'NA', null, null, null, 0, null, 34);
insert into SALON_FIESTA(id_servicio, capacidad_salon_fiesta, vigilancia_salon_fiesta, fk_lugar) value (65, 100, 'Estacionamiento cerrado', 64);
insert into SERVICIO(id_servicio, nombre_servicio, modalidad_pago_servicio, costo_servicio, precio_servicio, descuento_servicio, requiere_cita_servicio, detalles_servicio, fk_categoria) value (null, 'Bistro & Bar La arepera fascista', 'NA', null, null, null, 0, null, 34);
insert into SALON_FIESTA(id_servicio, capacidad_salon_fiesta, vigilancia_salon_fiesta, fk_lugar) value (66, 35, 'camaras de seguridad', 65);
insert into SERVICIO(id_servicio, nombre_servicio, modalidad_pago_servicio, costo_servicio, precio_servicio, descuento_servicio, requiere_cita_servicio, detalles_servicio, fk_categoria) value (null, 'Restaurant El filete real', 'NA', null, null, null, 0, null, 34);
insert into SALON_FIESTA(id_servicio, capacidad_salon_fiesta, vigilancia_salon_fiesta, fk_lugar) value (67, 70, 'Estacionamiento cerrado', 66);
insert into SERVICIO(id_servicio, nombre_servicio, modalidad_pago_servicio, costo_servicio, precio_servicio, descuento_servicio, requiere_cita_servicio, detalles_servicio, fk_categoria) value (null, 'Restaurant Monarquía', 'NA', null, null, null, 0, null, 34);
insert into SALON_FIESTA(id_servicio, capacidad_salon_fiesta, vigilancia_salon_fiesta, fk_lugar) value (68, 150, 'Estacionamiento cerrado', 67);
insert into SERVICIO(id_servicio, nombre_servicio, modalidad_pago_servicio, costo_servicio, precio_servicio, descuento_servicio, requiere_cita_servicio, detalles_servicio, fk_categoria) value (null, 'Tasca En revolución', 'NA', null, null, null, 0, null, 34);
insert into SALON_FIESTA(id_servicio, capacidad_salon_fiesta, vigilancia_salon_fiesta, fk_lugar) value (69, 200, 'Vigilancia, camaras de seguridad, Estacionamiento cerrado', 68);
insert into SERVICIO(id_servicio, nombre_servicio, modalidad_pago_servicio, costo_servicio, precio_servicio, descuento_servicio, requiere_cita_servicio, detalles_servicio, fk_categoria) value (null, 'Tasca del comandante', 'NA', null, null, null, 0, null, 34);
insert into SALON_FIESTA(id_servicio, capacidad_salon_fiesta, vigilancia_salon_fiesta, fk_lugar) value (70, 50, 'Estacionamiento cerrado', 69);
insert into SERVICIO(id_servicio, nombre_servicio, modalidad_pago_servicio, costo_servicio, precio_servicio, descuento_servicio, requiere_cita_servicio, detalles_servicio, fk_categoria) value (null, 'Restaurant El zoológico', 'NA', null, null, null, 0, null, 34);
insert into SALON_FIESTA(id_servicio, capacidad_salon_fiesta, vigilancia_salon_fiesta, fk_lugar) value (71, 85, 'camaras de seguridad', 70);
insert into SERVICIO(id_servicio, nombre_servicio, modalidad_pago_servicio, costo_servicio, precio_servicio, descuento_servicio, requiere_cita_servicio, detalles_servicio, fk_categoria) value (null, 'Bistro La alternativa', 'NA', null, null, null, 0, null, 34);
insert into SALON_FIESTA(id_servicio, capacidad_salon_fiesta, vigilancia_salon_fiesta, fk_lugar) value (72, 150, 'Vigilancia, camaras de seguridad, Estacionamiento cerrado', 71);
insert into SERVICIO(id_servicio, nombre_servicio, modalidad_pago_servicio, costo_servicio, precio_servicio, descuento_servicio, requiere_cita_servicio, detalles_servicio, fk_categoria) value (null, 'Tasca Un callejero', 'NA', null, null, null, 0, null, 34);
insert into SALON_FIESTA(id_servicio, capacidad_salon_fiesta, vigilancia_salon_fiesta, fk_lugar) value (73, 100, 'Vigilancia, camaras de seguridad', 72);
insert into SERVICIO(id_servicio, nombre_servicio, modalidad_pago_servicio, costo_servicio, precio_servicio, descuento_servicio, requiere_cita_servicio, detalles_servicio, fk_categoria) value (null, 'Bistro & Bar El oso polar', 'NA', null, null, null, 0, null, 34);
insert into SALON_FIESTA(id_servicio, capacidad_salon_fiesta, vigilancia_salon_fiesta, fk_lugar) value (74, 85, 'camaras de seguridad, Estacionamiento cerrado', 73);
insert into SERVICIO(id_servicio, nombre_servicio, modalidad_pago_servicio, costo_servicio, precio_servicio, descuento_servicio, requiere_cita_servicio, detalles_servicio, fk_categoria) value (null, 'Bistro Touchdown pizza', 'NA', null, null, null, 0, null, 34);
insert into SALON_FIESTA(id_servicio, capacidad_salon_fiesta, vigilancia_salon_fiesta, fk_lugar) value (75, 100, 'camaras de seguridad', 74);
insert into SERVICIO(id_servicio, nombre_servicio, modalidad_pago_servicio, costo_servicio, precio_servicio, descuento_servicio, requiere_cita_servicio, detalles_servicio, fk_categoria) value (null, 'Tasca Hamburguesas Miguel', 'NA', null, null, null, 0, null, 34);
insert into SALON_FIESTA(id_servicio, capacidad_salon_fiesta, vigilancia_salon_fiesta, fk_lugar) value (76, 50, 'Vigilancia, camaras de seguridad, Estacionamiento cerrado', 75);
insert into SERVICIO(id_servicio, nombre_servicio, modalidad_pago_servicio, costo_servicio, precio_servicio, descuento_servicio, requiere_cita_servicio, detalles_servicio, fk_categoria) value (null, 'Bistro Las pastas de Don Antonio', 'NA', null, null, null, 0, null, 34);
insert into SALON_FIESTA(id_servicio, capacidad_salon_fiesta, vigilancia_salon_fiesta, fk_lugar) value (77, 50, 'Vigilancia, camaras de seguridad', 76);
insert into SERVICIO(id_servicio, nombre_servicio, modalidad_pago_servicio, costo_servicio, precio_servicio, descuento_servicio, requiere_cita_servicio, detalles_servicio, fk_categoria) value (null, 'Bistro La laguna', 'NA', null, null, null, 0, null, 34);
insert into SALON_FIESTA(id_servicio, capacidad_salon_fiesta, vigilancia_salon_fiesta, fk_lugar) value (78, 85, 'Vigilancia, camaras de seguridad, Estacionamiento cerrado', 77);
insert into SERVICIO(id_servicio, nombre_servicio, modalidad_pago_servicio, costo_servicio, precio_servicio, descuento_servicio, requiere_cita_servicio, detalles_servicio, fk_categoria) value (null, 'Bistro & Bar Luna y estrella', 'NA', null, null, null, 0, null, 34);
insert into SALON_FIESTA(id_servicio, capacidad_salon_fiesta, vigilancia_salon_fiesta, fk_lugar) value (79, 50, 'Vigilancia, camaras de seguridad, Estacionamiento cerrado', 78);
insert into SERVICIO(id_servicio, nombre_servicio, modalidad_pago_servicio, costo_servicio, precio_servicio, descuento_servicio, requiere_cita_servicio, detalles_servicio, fk_categoria) value (null, 'Restaurant La casita de Martina', 'NA', null, null, null, 0, null, 34);
insert into SALON_FIESTA(id_servicio, capacidad_salon_fiesta, vigilancia_salon_fiesta, fk_lugar) value (80, 150, 'Vigilancia, camaras de seguridad, Estacionamiento cerrado', 79);
insert into SERVICIO(id_servicio, nombre_servicio, modalidad_pago_servicio, costo_servicio, precio_servicio, descuento_servicio, requiere_cita_servicio, detalles_servicio, fk_categoria) value (null, 'Bistro & Bar El patio', 'NA', null, null, null, 0, null, 34);
insert into SALON_FIESTA(id_servicio, capacidad_salon_fiesta, vigilancia_salon_fiesta, fk_lugar) value (81, 70, 'Vigilancia, camaras de seguridad, Estacionamiento cerrado', 80);
insert into SERVICIO(id_servicio, nombre_servicio, modalidad_pago_servicio, costo_servicio, precio_servicio, descuento_servicio, requiere_cita_servicio, detalles_servicio, fk_categoria) value (null, 'Restaurant Caronte', 'NA', null, null, null, 0, null, 34);
insert into SALON_FIESTA(id_servicio, capacidad_salon_fiesta, vigilancia_salon_fiesta, fk_lugar) value (82, 150, 'Vigilancia, estacionamiento cerrado', 81);
insert into SERVICIO(id_servicio, nombre_servicio, modalidad_pago_servicio, costo_servicio, precio_servicio, descuento_servicio, requiere_cita_servicio, detalles_servicio, fk_categoria) value (null, 'Bistro & Bar Monte olimpo', 'NA', null, null, null, 0, null, 34);
insert into SALON_FIESTA(id_servicio, capacidad_salon_fiesta, vigilancia_salon_fiesta, fk_lugar) value (83, 85, 'Estacionamiento cerrado', 82);
insert into SERVICIO(id_servicio, nombre_servicio, modalidad_pago_servicio, costo_servicio, precio_servicio, descuento_servicio, requiere_cita_servicio, detalles_servicio, fk_categoria) value (null, 'Bistro Con los panas', 'NA', null, null, null, 0, null, 34);
insert into SALON_FIESTA(id_servicio, capacidad_salon_fiesta, vigilancia_salon_fiesta, fk_lugar) value (84, 20, 'Vigilancia, camaras de seguridad, Estacionamiento cerrado', 83);
insert into SERVICIO(id_servicio, nombre_servicio, modalidad_pago_servicio, costo_servicio, precio_servicio, descuento_servicio, requiere_cita_servicio, detalles_servicio, fk_categoria) value (null, 'Bistro & Bar El milenario', 'NA', null, null, null, 0, null, 34);
insert into SALON_FIESTA(id_servicio, capacidad_salon_fiesta, vigilancia_salon_fiesta, fk_lugar) value (85, 100, 'Vigilancia, estacionamiento cerrado', 84);
insert into SERVICIO(id_servicio, nombre_servicio, modalidad_pago_servicio, costo_servicio, precio_servicio, descuento_servicio, requiere_cita_servicio, detalles_servicio, fk_categoria) value (null, 'Bistro El crustáceo cascarudo', 'NA', null, null, null, 0, null, 34);
insert into SALON_FIESTA(id_servicio, capacidad_salon_fiesta, vigilancia_salon_fiesta, fk_lugar) value (86, 50, 'camaras de seguridad', 85);
insert into SERVICIO(id_servicio, nombre_servicio, modalidad_pago_servicio, costo_servicio, precio_servicio, descuento_servicio, requiere_cita_servicio, detalles_servicio, fk_categoria) value (null, 'Tasca la trifecta', 'NA', null, null, null, 0, null, 34);
insert into SALON_FIESTA(id_servicio, capacidad_salon_fiesta, vigilancia_salon_fiesta, fk_lugar) value (87, 50, 'Vigilancia, camaras de seguridad', 86);
insert into SERVICIO(id_servicio, nombre_servicio, modalidad_pago_servicio, costo_servicio, precio_servicio, descuento_servicio, requiere_cita_servicio, detalles_servicio, fk_categoria) value (null, 'Bistro Gastón', 'NA', null, null, null, 0, null, 34);
insert into SALON_FIESTA(id_servicio, capacidad_salon_fiesta, vigilancia_salon_fiesta, fk_lugar) value (88, 85, 'Vigilancia, camaras de seguridad, Estacionamiento cerrado', 87);
insert into SERVICIO(id_servicio, nombre_servicio, modalidad_pago_servicio, costo_servicio, precio_servicio, descuento_servicio, requiere_cita_servicio, detalles_servicio, fk_categoria) value (null, 'Bistro & Bar Popeyes', 'NA', null, null, null, 0, null, 34);
insert into SALON_FIESTA(id_servicio, capacidad_salon_fiesta, vigilancia_salon_fiesta, fk_lugar) value (89, 200, 'Vigilancia, estacionamiento cerrado', 88);
insert into SERVICIO(id_servicio, nombre_servicio, modalidad_pago_servicio, costo_servicio, precio_servicio, descuento_servicio, requiere_cita_servicio, detalles_servicio, fk_categoria) value (null, 'Bistro & Bar John & Jack', 'NA', null, null, null, 0, null, 34);
insert into SALON_FIESTA(id_servicio, capacidad_salon_fiesta, vigilancia_salon_fiesta, fk_lugar) value (90, 20, 'camaras de seguridad', 89);
insert into SERVICIO(id_servicio, nombre_servicio, modalidad_pago_servicio, costo_servicio, precio_servicio, descuento_servicio, requiere_cita_servicio, detalles_servicio, fk_categoria) value (null, 'Restaurant El páramo', 'NA', null, null, null, 0, null, 34);
insert into SALON_FIESTA(id_servicio, capacidad_salon_fiesta, vigilancia_salon_fiesta, fk_lugar) value (91, 70, 'camaras de seguridad', 90);
insert into SERVICIO(id_servicio, nombre_servicio, modalidad_pago_servicio, costo_servicio, precio_servicio, descuento_servicio, requiere_cita_servicio, detalles_servicio, fk_categoria) value (null, 'Bistro & Bar Agua de lluvia', 'NA', null, null, null, 0, null, 34);
insert into SALON_FIESTA(id_servicio, capacidad_salon_fiesta, vigilancia_salon_fiesta, fk_lugar) value (92, 20, 'camaras de seguridad', 91);
insert into SERVICIO(id_servicio, nombre_servicio, modalidad_pago_servicio, costo_servicio, precio_servicio, descuento_servicio, requiere_cita_servicio, detalles_servicio, fk_categoria) value (null, 'Tasca Arkham', 'NA', null, null, null, 0, null, 34);
insert into SALON_FIESTA(id_servicio, capacidad_salon_fiesta, vigilancia_salon_fiesta, fk_lugar) value (93, 200, 'Vigilancia, estacionamiento cerrado', 92);
insert into SERVICIO(id_servicio, nombre_servicio, modalidad_pago_servicio, costo_servicio, precio_servicio, descuento_servicio, requiere_cita_servicio, detalles_servicio, fk_categoria) value (null, 'Bistro La fosa', 'NA', null, null, null, 0, null, 34);
insert into SALON_FIESTA(id_servicio, capacidad_salon_fiesta, vigilancia_salon_fiesta, fk_lugar) value (94, 100, 'Vigilancia, camaras de seguridad', 93);
insert into SERVICIO(id_servicio, nombre_servicio, modalidad_pago_servicio, costo_servicio, precio_servicio, descuento_servicio, requiere_cita_servicio, detalles_servicio, fk_categoria) value (null, 'Restaurant P. Sherman Wallaby 42', 'NA', null, null, null, 0, null, 34);
insert into SALON_FIESTA(id_servicio, capacidad_salon_fiesta, vigilancia_salon_fiesta, fk_lugar) value (95, 150, 'Vigilancia, camaras de seguridad, Estacionamiento cerrado', 94);
insert into SERVICIO(id_servicio, nombre_servicio, modalidad_pago_servicio, costo_servicio, precio_servicio, descuento_servicio, requiere_cita_servicio, detalles_servicio, fk_categoria) value (null, 'Restaurant Pizza Planeta', 'NA', null, null, null, 0, null, 34);
insert into SALON_FIESTA(id_servicio, capacidad_salon_fiesta, vigilancia_salon_fiesta, fk_lugar) value (96, 85, 'Estacionamiento cerrado', 95);
insert into SERVICIO(id_servicio, nombre_servicio, modalidad_pago_servicio, costo_servicio, precio_servicio, descuento_servicio, requiere_cita_servicio, detalles_servicio, fk_categoria) value (null, 'Restaurant El mesón de Tiana', 'NA', null, null, null, 0, null, 34);
insert into SALON_FIESTA(id_servicio, capacidad_salon_fiesta, vigilancia_salon_fiesta, fk_lugar) value (97, 35, 'Vigilancia, camaras de seguridad, Estacionamiento cerrado', 96);
insert into SERVICIO(id_servicio, nombre_servicio, modalidad_pago_servicio, costo_servicio, precio_servicio, descuento_servicio, requiere_cita_servicio, detalles_servicio, fk_categoria) value (null, 'Restaurant El wok hirviente', 'NA', null, null, null, 0, null, 34);
insert into SALON_FIESTA(id_servicio, capacidad_salon_fiesta, vigilancia_salon_fiesta, fk_lugar) value (98, 50, 'Vigilancia, camaras de seguridad', 97);
insert into SERVICIO(id_servicio, nombre_servicio, modalidad_pago_servicio, costo_servicio, precio_servicio, descuento_servicio, requiere_cita_servicio, detalles_servicio, fk_categoria) value (null, 'Bistro & Bar Akihabara center', 'NA', null, null, null, 0, null, 34);
insert into SALON_FIESTA(id_servicio, capacidad_salon_fiesta, vigilancia_salon_fiesta, fk_lugar) value (99, 85, 'Vigilancia, camaras de seguridad', 98);
insert into SERVICIO(id_servicio, nombre_servicio, modalidad_pago_servicio, costo_servicio, precio_servicio, descuento_servicio, requiere_cita_servicio, detalles_servicio, fk_categoria) value (null, 'Bistro & Bar Tokyo style', 'NA', null, null, null, 0, null, 34);
insert into SALON_FIESTA(id_servicio, capacidad_salon_fiesta, vigilancia_salon_fiesta, fk_lugar) value (100, 150, 'camaras de seguridad, Estacionamiento cerrado', 99);
insert into SERVICIO(id_servicio, nombre_servicio, modalidad_pago_servicio, costo_servicio, precio_servicio, descuento_servicio, requiere_cita_servicio, detalles_servicio, fk_categoria) value (null, 'Restaurant Café Paris', 'NA', null, null, null, 0, null, 34);
insert into SALON_FIESTA(id_servicio, capacidad_salon_fiesta, vigilancia_salon_fiesta, fk_lugar) value (101, 100, 'Vigilancia, camaras de seguridad, Estacionamiento cerrado', 100);
insert into SERVICIO(id_servicio, nombre_servicio, modalidad_pago_servicio, costo_servicio, precio_servicio, descuento_servicio, requiere_cita_servicio, detalles_servicio, fk_categoria) value (null, 'Tasca Pequeña Venecia', 'NA', null, null, null, 0, null, 34);
insert into SALON_FIESTA(id_servicio, capacidad_salon_fiesta, vigilancia_salon_fiesta, fk_lugar) value (102, 50, 'Vigilancia, camaras de seguridad', 101);
insert into SERVICIO(id_servicio, nombre_servicio, modalidad_pago_servicio, costo_servicio, precio_servicio, descuento_servicio, requiere_cita_servicio, detalles_servicio, fk_categoria) value (null, 'Bistro & Bar Los camotes de Julio', 'NA', null, null, null, 0, null, 34);
insert into SALON_FIESTA(id_servicio, capacidad_salon_fiesta, vigilancia_salon_fiesta, fk_lugar) value (103, 200, 'Vigilancia, camaras de seguridad, Estacionamiento cerrado', 102);
insert into SERVICIO(id_servicio, nombre_servicio, modalidad_pago_servicio, costo_servicio, precio_servicio, descuento_servicio, requiere_cita_servicio, detalles_servicio, fk_categoria) value (null, 'Bistro & Bar New York Pizza', 'NA', null, null, null, 0, null, 34);
insert into SALON_FIESTA(id_servicio, capacidad_salon_fiesta, vigilancia_salon_fiesta, fk_lugar) value (104, 50, 'camaras de seguridad, Estacionamiento cerrado', 103);
insert into SERVICIO(id_servicio, nombre_servicio, modalidad_pago_servicio, costo_servicio, precio_servicio, descuento_servicio, requiere_cita_servicio, detalles_servicio, fk_categoria) value (null, 'Restaurant Grilled Cheese', 'NA', null, null, null, 0, null, 34);
insert into SALON_FIESTA(id_servicio, capacidad_salon_fiesta, vigilancia_salon_fiesta, fk_lugar) value (105, 150, 'Vigilancia, camaras de seguridad, Estacionamiento cerrado', 104);
insert into SERVICIO(id_servicio, nombre_servicio, modalidad_pago_servicio, costo_servicio, precio_servicio, descuento_servicio, requiere_cita_servicio, detalles_servicio, fk_categoria) value (null, 'Bistro La fábrica de tortillas', 'NA', null, null, null, 0, null, 34);
insert into SALON_FIESTA(id_servicio, capacidad_salon_fiesta, vigilancia_salon_fiesta, fk_lugar) value (106, 200, 'camaras de seguridad, Estacionamiento cerrado', 105);
insert into SERVICIO(id_servicio, nombre_servicio, modalidad_pago_servicio, costo_servicio, precio_servicio, descuento_servicio, requiere_cita_servicio, detalles_servicio, fk_categoria) value (null, 'Bistro & Bar Tacos de Canasta', 'NA', null, null, null, 0, null, 34);
insert into SALON_FIESTA(id_servicio, capacidad_salon_fiesta, vigilancia_salon_fiesta, fk_lugar) value (107, 200, 'Estacionamiento cerrado', 106);
insert into SERVICIO(id_servicio, nombre_servicio, modalidad_pago_servicio, costo_servicio, precio_servicio, descuento_servicio, requiere_cita_servicio, detalles_servicio, fk_categoria) value (null, 'Bistro La ecuación', 'NA', null, null, null, 0, null, 34);
insert into SALON_FIESTA(id_servicio, capacidad_salon_fiesta, vigilancia_salon_fiesta, fk_lugar) value (108, 100, 'camaras de seguridad, Estacionamiento cerrado', 107);
insert into SERVICIO(id_servicio, nombre_servicio, modalidad_pago_servicio, costo_servicio, precio_servicio, descuento_servicio, requiere_cita_servicio, detalles_servicio, fk_categoria) value (null, 'Bistro Nocturnae', 'NA', null, null, null, 0, null, 34);
insert into SALON_FIESTA(id_servicio, capacidad_salon_fiesta, vigilancia_salon_fiesta, fk_lugar) value (109, 85, 'Vigilancia, estacionamiento cerrado', 108);
insert into SERVICIO(id_servicio, nombre_servicio, modalidad_pago_servicio, costo_servicio, precio_servicio, descuento_servicio, requiere_cita_servicio, detalles_servicio, fk_categoria) value (null, 'Tasca La roca de Sísifo', 'NA', null, null, null, 0, null, 34);
insert into SALON_FIESTA(id_servicio, capacidad_salon_fiesta, vigilancia_salon_fiesta, fk_lugar) value (110, 85, 'camaras de seguridad, Estacionamiento cerrado', 109);
insert into SERVICIO(id_servicio, nombre_servicio, modalidad_pago_servicio, costo_servicio, precio_servicio, descuento_servicio, requiere_cita_servicio, detalles_servicio, fk_categoria) value (null, 'Tasca El escarabajo', 'NA', null, null, null, 0, null, 34);
insert into SALON_FIESTA(id_servicio, capacidad_salon_fiesta, vigilancia_salon_fiesta, fk_lugar) value (111, 70, 'Vigilancia, estacionamiento cerrado', 110);
insert into SERVICIO(id_servicio, nombre_servicio, modalidad_pago_servicio, costo_servicio, precio_servicio, descuento_servicio, requiere_cita_servicio, detalles_servicio, fk_categoria) value (null, 'Restaurant La pizzeria de Fabrizio', 'NA', null, null, null, 0, null, 34);
insert into SALON_FIESTA(id_servicio, capacidad_salon_fiesta, vigilancia_salon_fiesta, fk_lugar) value (112, 50, 'Vigilancia, camaras de seguridad', 111);
insert into SERVICIO(id_servicio, nombre_servicio, modalidad_pago_servicio, costo_servicio, precio_servicio, descuento_servicio, requiere_cita_servicio, detalles_servicio, fk_categoria) value (null, 'Bistro Deli Clubs', 'NA', null, null, null, 0, null, 34);
insert into SALON_FIESTA(id_servicio, capacidad_salon_fiesta, vigilancia_salon_fiesta, fk_lugar) value (113, 50, 'camaras de seguridad, Estacionamiento cerrado', 112);
insert into SERVICIO(id_servicio, nombre_servicio, modalidad_pago_servicio, costo_servicio, precio_servicio, descuento_servicio, requiere_cita_servicio, detalles_servicio, fk_categoria) value (null, 'Tasca Echale Salsa', 'NA', null, null, null, 0, null, 34);
insert into SALON_FIESTA(id_servicio, capacidad_salon_fiesta, vigilancia_salon_fiesta, fk_lugar) value (114, 150, 'Vigilancia, estacionamiento cerrado', 113);
insert into SERVICIO(id_servicio, nombre_servicio, modalidad_pago_servicio, costo_servicio, precio_servicio, descuento_servicio, requiere_cita_servicio, detalles_servicio, fk_categoria) value (null, 'Tasca Un parrillazo', 'NA', null, null, null, 0, null, 34);
insert into SALON_FIESTA(id_servicio, capacidad_salon_fiesta, vigilancia_salon_fiesta, fk_lugar) value (115, 35, 'Vigilancia, camaras de seguridad', 114);
insert into SERVICIO(id_servicio, nombre_servicio, modalidad_pago_servicio, costo_servicio, precio_servicio, descuento_servicio, requiere_cita_servicio, detalles_servicio, fk_categoria) value (null, 'Bistro Los hornos', 'NA', null, null, null, 0, null, 34);
insert into SALON_FIESTA(id_servicio, capacidad_salon_fiesta, vigilancia_salon_fiesta, fk_lugar) value (116, 35, 'Vigilancia, camaras de seguridad', 115);
insert into SERVICIO(id_servicio, nombre_servicio, modalidad_pago_servicio, costo_servicio, precio_servicio, descuento_servicio, requiere_cita_servicio, detalles_servicio, fk_categoria) value (null, 'Bistro Salto alto', 'NA', null, null, null, 0, null, 34);
insert into SALON_FIESTA(id_servicio, capacidad_salon_fiesta, vigilancia_salon_fiesta, fk_lugar) value (117, 85, 'Vigilancia, estacionamiento cerrado', 116);
insert into SERVICIO(id_servicio, nombre_servicio, modalidad_pago_servicio, costo_servicio, precio_servicio, descuento_servicio, requiere_cita_servicio, detalles_servicio, fk_categoria) value (null, 'Bistro Para más tarde', 'NA', null, null, null, 0, null, 34);
insert into SALON_FIESTA(id_servicio, capacidad_salon_fiesta, vigilancia_salon_fiesta, fk_lugar) value (118, 50, 'camaras de seguridad, Estacionamiento cerrado', 117);
insert into SERVICIO(id_servicio, nombre_servicio, modalidad_pago_servicio, costo_servicio, precio_servicio, descuento_servicio, requiere_cita_servicio, detalles_servicio, fk_categoria) value (null, 'Bistro & Bar Foodies', 'NA', null, null, null, 0, null, 34);
insert into SALON_FIESTA(id_servicio, capacidad_salon_fiesta, vigilancia_salon_fiesta, fk_lugar) value (119, 100, 'Estacionamiento cerrado', 118);
insert into SERVICIO(id_servicio, nombre_servicio, modalidad_pago_servicio, costo_servicio, precio_servicio, descuento_servicio, requiere_cita_servicio, detalles_servicio, fk_categoria) value (null, 'Tasca A & T', 'NA', null, null, null, 0, null, 34);
insert into SALON_FIESTA(id_servicio, capacidad_salon_fiesta, vigilancia_salon_fiesta, fk_lugar) value (120, 150, 'Vigilancia, camaras de seguridad, Estacionamiento cerrado', 119);
insert into SERVICIO(id_servicio, nombre_servicio, modalidad_pago_servicio, costo_servicio, precio_servicio, descuento_servicio, requiere_cita_servicio, detalles_servicio, fk_categoria) value (null, 'Bistro El sazón de la negra', 'NA', null, null, null, 0, null, 34);
insert into SALON_FIESTA(id_servicio, capacidad_salon_fiesta, vigilancia_salon_fiesta, fk_lugar) value (121, 50, 'camaras de seguridad, Estacionamiento cerrado', 120);
insert into SERVICIO(id_servicio, nombre_servicio, modalidad_pago_servicio, costo_servicio, precio_servicio, descuento_servicio, requiere_cita_servicio, detalles_servicio, fk_categoria) value (null, 'Bistro & Bar La de Pedro', 'NA', null, null, null, 0, null, 34);
insert into SALON_FIESTA(id_servicio, capacidad_salon_fiesta, vigilancia_salon_fiesta, fk_lugar) value (122, 50, 'Vigilancia, estacionamiento cerrado', 121);
insert into SERVICIO(id_servicio, nombre_servicio, modalidad_pago_servicio, costo_servicio, precio_servicio, descuento_servicio, requiere_cita_servicio, detalles_servicio, fk_categoria) value (null, 'Bistro María y Ernesto', 'NA', null, null, null, 0, null, 34);
insert into SALON_FIESTA(id_servicio, capacidad_salon_fiesta, vigilancia_salon_fiesta, fk_lugar) value (123, 50, 'Vigilancia, camaras de seguridad, Estacionamiento cerrado', 122);
insert into SERVICIO(id_servicio, nombre_servicio, modalidad_pago_servicio, costo_servicio, precio_servicio, descuento_servicio, requiere_cita_servicio, detalles_servicio, fk_categoria) value (null, 'Tasca La muralla china', 'NA', null, null, null, 0, null, 34);
insert into SALON_FIESTA(id_servicio, capacidad_salon_fiesta, vigilancia_salon_fiesta, fk_lugar) value (124, 20, 'Vigilancia, camaras de seguridad', 123);
insert into SERVICIO(id_servicio, nombre_servicio, modalidad_pago_servicio, costo_servicio, precio_servicio, descuento_servicio, requiere_cita_servicio, detalles_servicio, fk_categoria) value (null, 'Restaurant El partenón', 'NA', null, null, null, 0, null, 34);
insert into SALON_FIESTA(id_servicio, capacidad_salon_fiesta, vigilancia_salon_fiesta, fk_lugar) value (125, 50, 'Estacionamiento cerrado', 124);
insert into SERVICIO(id_servicio, nombre_servicio, modalidad_pago_servicio, costo_servicio, precio_servicio, descuento_servicio, requiere_cita_servicio, detalles_servicio, fk_categoria) value (null, 'Restaurant Big Ben', 'NA', null, null, null, 0, null, 34);
insert into SALON_FIESTA(id_servicio, capacidad_salon_fiesta, vigilancia_salon_fiesta, fk_lugar) value (126, 200, 'Vigilancia, estacionamiento cerrado', 125);
insert into SERVICIO(id_servicio, nombre_servicio, modalidad_pago_servicio, costo_servicio, precio_servicio, descuento_servicio, requiere_cita_servicio, detalles_servicio, fk_categoria) value (null, 'Restaurant La victoria', 'NA', null, null, null, 0, null, 34);
insert into SALON_FIESTA(id_servicio, capacidad_salon_fiesta, vigilancia_salon_fiesta, fk_lugar) value (127, 150, 'camaras de seguridad, Estacionamiento cerrado', 126);
insert into SERVICIO(id_servicio, nombre_servicio, modalidad_pago_servicio, costo_servicio, precio_servicio, descuento_servicio, requiere_cita_servicio, detalles_servicio, fk_categoria) value (null, 'Bistro El vacío', 'NA', null, null, null, 0, null, 34);
insert into SALON_FIESTA(id_servicio, capacidad_salon_fiesta, vigilancia_salon_fiesta, fk_lugar) value (128, 35, 'Vigilancia, estacionamiento cerrado', 127);
insert into SERVICIO(id_servicio, nombre_servicio, modalidad_pago_servicio, costo_servicio, precio_servicio, descuento_servicio, requiere_cita_servicio, detalles_servicio, fk_categoria) value (null, 'Tasca Los crustaceos', 'NA', null, null, null, 0, null, 34);
insert into SALON_FIESTA(id_servicio, capacidad_salon_fiesta, vigilancia_salon_fiesta, fk_lugar) value (129, 50, 'camaras de seguridad', 128);
insert into SERVICIO(id_servicio, nombre_servicio, modalidad_pago_servicio, costo_servicio, precio_servicio, descuento_servicio, requiere_cita_servicio, detalles_servicio, fk_categoria) value (null, 'Bistro & Bar Plaza Madrid', 'NA', null, null, null, 0, null, 34);
insert into SALON_FIESTA(id_servicio, capacidad_salon_fiesta, vigilancia_salon_fiesta, fk_lugar) value (130, 50, 'Vigilancia, camaras de seguridad', 129);
insert into SERVICIO(id_servicio, nombre_servicio, modalidad_pago_servicio, costo_servicio, precio_servicio, descuento_servicio, requiere_cita_servicio, detalles_servicio, fk_categoria) value (null, 'Tasca El emperador', 'NA', null, null, null, 0, null, 34);
insert into SALON_FIESTA(id_servicio, capacidad_salon_fiesta, vigilancia_salon_fiesta, fk_lugar) value (131, 85, 'Vigilancia, camaras de seguridad, Estacionamiento cerrado', 130);
insert into SERVICIO(id_servicio, nombre_servicio, modalidad_pago_servicio, costo_servicio, precio_servicio, descuento_servicio, requiere_cita_servicio, detalles_servicio, fk_categoria) value (null, 'Bistro & Bar Tutankamon', 'NA', null, null, null, 0, null, 34);
insert into SALON_FIESTA(id_servicio, capacidad_salon_fiesta, vigilancia_salon_fiesta, fk_lugar) value (132, 50, 'camaras de seguridad', 131);
insert into SERVICIO(id_servicio, nombre_servicio, modalidad_pago_servicio, costo_servicio, precio_servicio, descuento_servicio, requiere_cita_servicio, detalles_servicio, fk_categoria) value (null, 'Restaurant El manzano', 'NA', null, null, null, 0, null, 34);
insert into SALON_FIESTA(id_servicio, capacidad_salon_fiesta, vigilancia_salon_fiesta, fk_lugar) value (133, 85, 'Vigilancia, estacionamiento cerrado', 132);
insert into SERVICIO(id_servicio, nombre_servicio, modalidad_pago_servicio, costo_servicio, precio_servicio, descuento_servicio, requiere_cita_servicio, detalles_servicio, fk_categoria) value (null, 'Restaurant Los pintores', 'NA', null, null, null, 0, null, 34);
insert into SALON_FIESTA(id_servicio, capacidad_salon_fiesta, vigilancia_salon_fiesta, fk_lugar) value (134, 35, 'Vigilancia, camaras de seguridad', 133);
insert into SERVICIO(id_servicio, nombre_servicio, modalidad_pago_servicio, costo_servicio, precio_servicio, descuento_servicio, requiere_cita_servicio, detalles_servicio, fk_categoria) value (null, 'Bistro & Bar Miguel Angel', 'NA', null, null, null, 0, null, 34);
insert into SALON_FIESTA(id_servicio, capacidad_salon_fiesta, vigilancia_salon_fiesta, fk_lugar) value (135, 20, 'camaras de seguridad', 134);
insert into SERVICIO(id_servicio, nombre_servicio, modalidad_pago_servicio, costo_servicio, precio_servicio, descuento_servicio, requiere_cita_servicio, detalles_servicio, fk_categoria) value (null, 'Bistro & Bar La pizza de Splinter', 'NA', null, null, null, 0, null, 34);
insert into SALON_FIESTA(id_servicio, capacidad_salon_fiesta, vigilancia_salon_fiesta, fk_lugar) value (136, 20, 'camaras de seguridad, Estacionamiento cerrado', 135);
insert into SERVICIO(id_servicio, nombre_servicio, modalidad_pago_servicio, costo_servicio, precio_servicio, descuento_servicio, requiere_cita_servicio, detalles_servicio, fk_categoria) value (null, 'Bistro & Bar Aprils', 'NA', null, null, null, 0, null, 34);
insert into SALON_FIESTA(id_servicio, capacidad_salon_fiesta, vigilancia_salon_fiesta, fk_lugar) value (137, 70, 'camaras de seguridad', 136);
insert into SERVICIO(id_servicio, nombre_servicio, modalidad_pago_servicio, costo_servicio, precio_servicio, descuento_servicio, requiere_cita_servicio, detalles_servicio, fk_categoria) value (null, 'Tasca Wagyu', 'NA', null, null, null, 0, null, 34);
insert into SALON_FIESTA(id_servicio, capacidad_salon_fiesta, vigilancia_salon_fiesta, fk_lugar) value (138, 35, 'Estacionamiento cerrado', 137);
insert into SERVICIO(id_servicio, nombre_servicio, modalidad_pago_servicio, costo_servicio, precio_servicio, descuento_servicio, requiere_cita_servicio, detalles_servicio, fk_categoria) value (null, 'Tasca Hells Kitchen', 'NA', null, null, null, 0, null, 34);
insert into SALON_FIESTA(id_servicio, capacidad_salon_fiesta, vigilancia_salon_fiesta, fk_lugar) value (139, 70, 'Vigilancia, camaras de seguridad, Estacionamiento cerrado', 138);
insert into SERVICIO(id_servicio, nombre_servicio, modalidad_pago_servicio, costo_servicio, precio_servicio, descuento_servicio, requiere_cita_servicio, detalles_servicio, fk_categoria) value (null, 'Bistro El plato de oro', 'NA', null, null, null, 0, null, 34);
insert into SALON_FIESTA(id_servicio, capacidad_salon_fiesta, vigilancia_salon_fiesta, fk_lugar) value (140, 50, 'Estacionamiento cerrado', 139);
insert into SERVICIO(id_servicio, nombre_servicio, modalidad_pago_servicio, costo_servicio, precio_servicio, descuento_servicio, requiere_cita_servicio, detalles_servicio, fk_categoria) value (null, 'Tasca Los lirios', 'NA', null, null, null, 0, null, 34);
insert into SALON_FIESTA(id_servicio, capacidad_salon_fiesta, vigilancia_salon_fiesta, fk_lugar) value (141, 70, 'Vigilancia, camaras de seguridad', 140);
insert into SERVICIO(id_servicio, nombre_servicio, modalidad_pago_servicio, costo_servicio, precio_servicio, descuento_servicio, requiere_cita_servicio, detalles_servicio, fk_categoria) value (null, 'Restaurant Eternals', 'NA', null, null, null, 0, null, 34);
insert into SALON_FIESTA(id_servicio, capacidad_salon_fiesta, vigilancia_salon_fiesta, fk_lugar) value (142, 50, 'camaras de seguridad', 141);
insert into SERVICIO(id_servicio, nombre_servicio, modalidad_pago_servicio, costo_servicio, precio_servicio, descuento_servicio, requiere_cita_servicio, detalles_servicio, fk_categoria) value (null, 'Bistro & Bar Una pinta', 'NA', null, null, null, 0, null, 34);
insert into SALON_FIESTA(id_servicio, capacidad_salon_fiesta, vigilancia_salon_fiesta, fk_lugar) value (143, 85, 'camaras de seguridad', 142);
insert into SERVICIO(id_servicio, nombre_servicio, modalidad_pago_servicio, costo_servicio, precio_servicio, descuento_servicio, requiere_cita_servicio, detalles_servicio, fk_categoria) value (null, 'Bistro Luz tenue', 'NA', null, null, null, 0, null, 34);
insert into SALON_FIESTA(id_servicio, capacidad_salon_fiesta, vigilancia_salon_fiesta, fk_lugar) value (144, 85, 'Vigilancia, camaras de seguridad, Estacionamiento cerrado', 143);
insert into SERVICIO(id_servicio, nombre_servicio, modalidad_pago_servicio, costo_servicio, precio_servicio, descuento_servicio, requiere_cita_servicio, detalles_servicio, fk_categoria) value (null, 'Bistro & Bar EL palacio del jazz', 'NA', null, null, null, 0, null, 34);
insert into SALON_FIESTA(id_servicio, capacidad_salon_fiesta, vigilancia_salon_fiesta, fk_lugar) value (145, 20, 'camaras de seguridad, Estacionamiento cerrado', 144);
insert into SERVICIO(id_servicio, nombre_servicio, modalidad_pago_servicio, costo_servicio, precio_servicio, descuento_servicio, requiere_cita_servicio, detalles_servicio, fk_categoria) value (null, 'Bistro & Bar Paredes metálicas', 'NA', null, null, null, 0, null, 34);
insert into SALON_FIESTA(id_servicio, capacidad_salon_fiesta, vigilancia_salon_fiesta, fk_lugar) value (146, 70, 'camaras de seguridad', 145);
insert into SERVICIO(id_servicio, nombre_servicio, modalidad_pago_servicio, costo_servicio, precio_servicio, descuento_servicio, requiere_cita_servicio, detalles_servicio, fk_categoria) value (null, 'Tasca Influencias', 'NA', null, null, null, 0, null, 34);
insert into SALON_FIESTA(id_servicio, capacidad_salon_fiesta, vigilancia_salon_fiesta, fk_lugar) value (147, 70, 'Vigilancia, estacionamiento cerrado', 146);
insert into SERVICIO(id_servicio, nombre_servicio, modalidad_pago_servicio, costo_servicio, precio_servicio, descuento_servicio, requiere_cita_servicio, detalles_servicio, fk_categoria) value (null, 'Bistro sous chef', 'NA', null, null, null, 0, null, 34);
insert into SALON_FIESTA(id_servicio, capacidad_salon_fiesta, vigilancia_salon_fiesta, fk_lugar) value (148, 200, 'camaras de seguridad, Estacionamiento cerrado', 147);
insert into SERVICIO(id_servicio, nombre_servicio, modalidad_pago_servicio, costo_servicio, precio_servicio, descuento_servicio, requiere_cita_servicio, detalles_servicio, fk_categoria) value (null, 'Bistro & Bar La avenida de los foodtrucks', 'NA', null, null, null, 0, null, 34);
insert into SALON_FIESTA(id_servicio, capacidad_salon_fiesta, vigilancia_salon_fiesta, fk_lugar) value (149, 200, 'camaras de seguridad', 148);
insert into SERVICIO(id_servicio, nombre_servicio, modalidad_pago_servicio, costo_servicio, precio_servicio, descuento_servicio, requiere_cita_servicio, detalles_servicio, fk_categoria) value (null, 'Bistro Todo en vara', 'NA', null, null, null, 0, null, 34);
insert into SALON_FIESTA(id_servicio, capacidad_salon_fiesta, vigilancia_salon_fiesta, fk_lugar) value (150, 50, 'Vigilancia, camaras de seguridad, Estacionamiento cerrado', 149);
insert into SERVICIO(id_servicio, nombre_servicio, modalidad_pago_servicio, costo_servicio, precio_servicio, descuento_servicio, requiere_cita_servicio, detalles_servicio, fk_categoria) value (null, 'Tasca El observatorio', 'NA', null, null, null, 0, null, 34);
insert into SALON_FIESTA(id_servicio, capacidad_salon_fiesta, vigilancia_salon_fiesta, fk_lugar) value (151, 50, 'Vigilancia, estacionamiento cerrado', 150);
insert into SERVICIO(id_servicio, nombre_servicio, modalidad_pago_servicio, costo_servicio, precio_servicio, descuento_servicio, requiere_cita_servicio, detalles_servicio, fk_categoria) value (null, 'Tasca La trucha mística', 'NA', null, null, null, 0, null, 34);
insert into SALON_FIESTA(id_servicio, capacidad_salon_fiesta, vigilancia_salon_fiesta, fk_lugar) value (152, 200, 'Vigilancia, camaras de seguridad', 151);
insert into SERVICIO(id_servicio, nombre_servicio, modalidad_pago_servicio, costo_servicio, precio_servicio, descuento_servicio, requiere_cita_servicio, detalles_servicio, fk_categoria) value (null, 'Tasca Luna azul', 'NA', null, null, null, 0, null, 34);
insert into SALON_FIESTA(id_servicio, capacidad_salon_fiesta, vigilancia_salon_fiesta, fk_lugar) value (153, 85, 'camaras de seguridad', 152);
insert into SERVICIO(id_servicio, nombre_servicio, modalidad_pago_servicio, costo_servicio, precio_servicio, descuento_servicio, requiere_cita_servicio, detalles_servicio, fk_categoria) value (null, 'Restaurant La cúpula', 'NA', null, null, null, 0, null, 34);
insert into SALON_FIESTA(id_servicio, capacidad_salon_fiesta, vigilancia_salon_fiesta, fk_lugar) value (154, 50, 'Vigilancia, camaras de seguridad, Estacionamiento cerrado', 153);
insert into SERVICIO(id_servicio, nombre_servicio, modalidad_pago_servicio, costo_servicio, precio_servicio, descuento_servicio, requiere_cita_servicio, detalles_servicio, fk_categoria) value (null, 'Tasca Los Pollos hermanos', 'NA', null, null, null, 0, null, 34);
insert into SALON_FIESTA(id_servicio, capacidad_salon_fiesta, vigilancia_salon_fiesta, fk_lugar) value (155, 50, 'Estacionamiento cerrado', 275);
insert into SERVICIO(id_servicio, nombre_servicio, modalidad_pago_servicio, costo_servicio, precio_servicio, descuento_servicio, requiere_cita_servicio, detalles_servicio, fk_categoria) value (null, 'Tasca 2 Gordos', 'NA', null, null, null, 0, null, 34);
insert into SALON_FIESTA(id_servicio, capacidad_salon_fiesta, vigilancia_salon_fiesta, fk_lugar) value (156, 70, 'Estacionamiento cerrado', 276);
insert into SERVICIO(id_servicio, nombre_servicio, modalidad_pago_servicio, costo_servicio, precio_servicio, descuento_servicio, requiere_cita_servicio, detalles_servicio, fk_categoria) value (null, 'Bistro & Bar Todo Grill', 'NA', null, null, null, 0, null, 34);
insert into SALON_FIESTA(id_servicio, capacidad_salon_fiesta, vigilancia_salon_fiesta, fk_lugar) value (157, 35, 'Estacionamiento cerrado', 277);
insert into SERVICIO(id_servicio, nombre_servicio, modalidad_pago_servicio, costo_servicio, precio_servicio, descuento_servicio, requiere_cita_servicio, detalles_servicio, fk_categoria) value (null, 'Bistro Jardín de olivos', 'NA', null, null, null, 0, null, 34);
insert into SALON_FIESTA(id_servicio, capacidad_salon_fiesta, vigilancia_salon_fiesta, fk_lugar) value (158, 85, 'camaras de seguridad, Estacionamiento cerrado', 278);
insert into SERVICIO(id_servicio, nombre_servicio, modalidad_pago_servicio, costo_servicio, precio_servicio, descuento_servicio, requiere_cita_servicio, detalles_servicio, fk_categoria) value (null, 'Tasca Nippon banzai! 日本バンザイ！', 'NA', null, null, null, 0, null, 34);
insert into SALON_FIESTA(id_servicio, capacidad_salon_fiesta, vigilancia_salon_fiesta, fk_lugar) value (159, 200, 'Vigilancia, estacionamiento cerrado', 279);
insert into SERVICIO(id_servicio, nombre_servicio, modalidad_pago_servicio, costo_servicio, precio_servicio, descuento_servicio, requiere_cita_servicio, detalles_servicio, fk_categoria) value (null, 'Bistro & Bar Uno con todo', 'NA', null, null, null, 0, null, 34);
insert into SALON_FIESTA(id_servicio, capacidad_salon_fiesta, vigilancia_salon_fiesta, fk_lugar) value (160, 35, 'Vigilancia, camaras de seguridad, Estacionamiento cerrado', 280);
insert into SERVICIO(id_servicio, nombre_servicio, modalidad_pago_servicio, costo_servicio, precio_servicio, descuento_servicio, requiere_cita_servicio, detalles_servicio, fk_categoria) value (null, 'Bistro La Casa del Perrero', 'NA', null, null, null, 0, null, 34);
insert into SALON_FIESTA(id_servicio, capacidad_salon_fiesta, vigilancia_salon_fiesta, fk_lugar) value (161, 100, 'camaras de seguridad', 281);
insert into SERVICIO(id_servicio, nombre_servicio, modalidad_pago_servicio, costo_servicio, precio_servicio, descuento_servicio, requiere_cita_servicio, detalles_servicio, fk_categoria) value (null, 'Restaurant Steamy Burger', 'NA', null, null, null, 0, null, 34);
insert into SALON_FIESTA(id_servicio, capacidad_salon_fiesta, vigilancia_salon_fiesta, fk_lugar) value (162, 70, 'Vigilancia, camaras de seguridad', 282);
insert into SERVICIO(id_servicio, nombre_servicio, modalidad_pago_servicio, costo_servicio, precio_servicio, descuento_servicio, requiere_cita_servicio, detalles_servicio, fk_categoria) value (null, 'Restaurant Boston Diner', 'NA', null, null, null, 0, null, 34);
insert into SALON_FIESTA(id_servicio, capacidad_salon_fiesta, vigilancia_salon_fiesta, fk_lugar) value (163, 35, 'Vigilancia, camaras de seguridad', 283);
insert into SERVICIO(id_servicio, nombre_servicio, modalidad_pago_servicio, costo_servicio, precio_servicio, descuento_servicio, requiere_cita_servicio, detalles_servicio, fk_categoria) value (null, 'Restaurant Philly Cheese Steak', 'NA', null, null, null, 0, null, 34);
insert into SALON_FIESTA(id_servicio, capacidad_salon_fiesta, vigilancia_salon_fiesta, fk_lugar) value (164, 50, 'Vigilancia, estacionamiento cerrado', 284);
insert into SERVICIO(id_servicio, nombre_servicio, modalidad_pago_servicio, costo_servicio, precio_servicio, descuento_servicio, requiere_cita_servicio, detalles_servicio, fk_categoria) value (null, 'Restaurant Los Soprano', 'NA', null, null, null, 0, null, 34);
insert into SALON_FIESTA(id_servicio, capacidad_salon_fiesta, vigilancia_salon_fiesta, fk_lugar) value (165, 100, 'camaras de seguridad', 285);
insert into SERVICIO(id_servicio, nombre_servicio, modalidad_pago_servicio, costo_servicio, precio_servicio, descuento_servicio, requiere_cita_servicio, detalles_servicio, fk_categoria) value (null, 'Restaurant La Mesa de Sir Lancelot', 'NA', null, null, null, 0, null, 34);
insert into SALON_FIESTA(id_servicio, capacidad_salon_fiesta, vigilancia_salon_fiesta, fk_lugar) value (166, 150, 'Vigilancia, camaras de seguridad', 286);
insert into SERVICIO(id_servicio, nombre_servicio, modalidad_pago_servicio, costo_servicio, precio_servicio, descuento_servicio, requiere_cita_servicio, detalles_servicio, fk_categoria) value (null, 'Bistro & Bar All You Can Feast', 'NA', null, null, null, 0, null, 34);
insert into SALON_FIESTA(id_servicio, capacidad_salon_fiesta, vigilancia_salon_fiesta, fk_lugar) value (167, 200, 'camaras de seguridad', 287);
insert into SERVICIO(id_servicio, nombre_servicio, modalidad_pago_servicio, costo_servicio, precio_servicio, descuento_servicio, requiere_cita_servicio, detalles_servicio, fk_categoria) value (null, 'Tasca Hot Dog King', 'NA', null, null, null, 0, null, 34);
insert into SALON_FIESTA(id_servicio, capacidad_salon_fiesta, vigilancia_salon_fiesta, fk_lugar) value (168, 70, 'Vigilancia, camaras de seguridad', 288);
insert into SERVICIO(id_servicio, nombre_servicio, modalidad_pago_servicio, costo_servicio, precio_servicio, descuento_servicio, requiere_cita_servicio, detalles_servicio, fk_categoria) value (null, 'Bistro & Bar Las Empanadas de Tita', 'NA', null, null, null, 0, null, 34);
insert into SALON_FIESTA(id_servicio, capacidad_salon_fiesta, vigilancia_salon_fiesta, fk_lugar) value (169, 50, 'Vigilancia, camaras de seguridad', 289);
insert into SERVICIO(id_servicio, nombre_servicio, modalidad_pago_servicio, costo_servicio, precio_servicio, descuento_servicio, requiere_cita_servicio, detalles_servicio, fk_categoria) value (null, 'Bistro & Bar Vuelta al Buffet', 'NA', null, null, null, 0, null, 34);
insert into SALON_FIESTA(id_servicio, capacidad_salon_fiesta, vigilancia_salon_fiesta, fk_lugar) value (170, 50, 'Vigilancia, estacionamiento cerrado', 290);
insert into SERVICIO(id_servicio, nombre_servicio, modalidad_pago_servicio, costo_servicio, precio_servicio, descuento_servicio, requiere_cita_servicio, detalles_servicio, fk_categoria) value (null, 'Bistro & Bar El palacio de Shen tzu', 'NA', null, null, null, 0, null, 34);
insert into SALON_FIESTA(id_servicio, capacidad_salon_fiesta, vigilancia_salon_fiesta, fk_lugar) value (171, 50, 'camaras de seguridad, Estacionamiento cerrado', 291);
insert into SERVICIO(id_servicio, nombre_servicio, modalidad_pago_servicio, costo_servicio, precio_servicio, descuento_servicio, requiere_cita_servicio, detalles_servicio, fk_categoria) value (null, 'Restaurant Cero Carne', 'NA', null, null, null, 0, null, 34);
insert into SALON_FIESTA(id_servicio, capacidad_salon_fiesta, vigilancia_salon_fiesta, fk_lugar) value (172, 100, 'Vigilancia, camaras de seguridad', 292);
insert into SERVICIO(id_servicio, nombre_servicio, modalidad_pago_servicio, costo_servicio, precio_servicio, descuento_servicio, requiere_cita_servicio, detalles_servicio, fk_categoria) value (null, 'Restaurant El Lugar de la Ensalada', 'NA', null, null, null, 0, null, 34);
insert into SALON_FIESTA(id_servicio, capacidad_salon_fiesta, vigilancia_salon_fiesta, fk_lugar) value (173, 100, 'Vigilancia, estacionamiento cerrado', 293);
insert into SERVICIO(id_servicio, nombre_servicio, modalidad_pago_servicio, costo_servicio, precio_servicio, descuento_servicio, requiere_cita_servicio, detalles_servicio, fk_categoria) value (null, 'Restaurant Elixir Arcano', 'NA', null, null, null, 0, null, 34);
insert into SALON_FIESTA(id_servicio, capacidad_salon_fiesta, vigilancia_salon_fiesta, fk_lugar) value (174, 150, 'camaras de seguridad', 294);
insert into SERVICIO(id_servicio, nombre_servicio, modalidad_pago_servicio, costo_servicio, precio_servicio, descuento_servicio, requiere_cita_servicio, detalles_servicio, fk_categoria) value (null, 'Bistro & Bar De la Nonna', 'NA', null, null, null, 0, null, 34);
insert into SALON_FIESTA(id_servicio, capacidad_salon_fiesta, vigilancia_salon_fiesta, fk_lugar) value (175, 200, 'Estacionamiento cerrado', 295);
insert into SERVICIO(id_servicio, nombre_servicio, modalidad_pago_servicio, costo_servicio, precio_servicio, descuento_servicio, requiere_cita_servicio, detalles_servicio, fk_categoria) value (null, 'Bistro Sandwiches Deli', 'NA', null, null, null, 0, null, 34);
insert into SALON_FIESTA(id_servicio, capacidad_salon_fiesta, vigilancia_salon_fiesta, fk_lugar) value (176, 35, 'Vigilancia, estacionamiento cerrado', 296);
insert into SERVICIO(id_servicio, nombre_servicio, modalidad_pago_servicio, costo_servicio, precio_servicio, descuento_servicio, requiere_cita_servicio, detalles_servicio, fk_categoria) value (null, 'Bistro & Bar Metro Booming', 'NA', null, null, null, 0, null, 34);
insert into SALON_FIESTA(id_servicio, capacidad_salon_fiesta, vigilancia_salon_fiesta, fk_lugar) value (177, 150, 'Estacionamiento cerrado', 297);
insert into SERVICIO(id_servicio, nombre_servicio, modalidad_pago_servicio, costo_servicio, precio_servicio, descuento_servicio, requiere_cita_servicio, detalles_servicio, fk_categoria) value (null, 'Bistro & Bar Tus Panas', 'NA', null, null, null, 0, null, 34);
insert into SALON_FIESTA(id_servicio, capacidad_salon_fiesta, vigilancia_salon_fiesta, fk_lugar) value (178, 50, 'Vigilancia, estacionamiento cerrado', 298);
insert into SERVICIO(id_servicio, nombre_servicio, modalidad_pago_servicio, costo_servicio, precio_servicio, descuento_servicio, requiere_cita_servicio, detalles_servicio, fk_categoria) value (null, 'Bistro London 1955', 'NA', null, null, null, 0, null, 34);
insert into SALON_FIESTA(id_servicio, capacidad_salon_fiesta, vigilancia_salon_fiesta, fk_lugar) value (179, 150, 'Vigilancia, camaras de seguridad, Estacionamiento cerrado', 299);
insert into SERVICIO(id_servicio, nombre_servicio, modalidad_pago_servicio, costo_servicio, precio_servicio, descuento_servicio, requiere_cita_servicio, detalles_servicio, fk_categoria) value (null, 'Bistro & Bar Palacio de Carne', 'NA', null, null, null, 0, null, 34);
insert into SALON_FIESTA(id_servicio, capacidad_salon_fiesta, vigilancia_salon_fiesta, fk_lugar) value (180, 50, 'camaras de seguridad', 300);
insert into SERVICIO(id_servicio, nombre_servicio, modalidad_pago_servicio, costo_servicio, precio_servicio, descuento_servicio, requiere_cita_servicio, detalles_servicio, fk_categoria) value (null, 'Bistro El sueño de Mary', 'NA', null, null, null, 0, null, 34);
insert into SALON_FIESTA(id_servicio, capacidad_salon_fiesta, vigilancia_salon_fiesta, fk_lugar) value (181, 200, 'Vigilancia, camaras de seguridad, Estacionamiento cerrado', 301);
insert into SERVICIO(id_servicio, nombre_servicio, modalidad_pago_servicio, costo_servicio, precio_servicio, descuento_servicio, requiere_cita_servicio, detalles_servicio, fk_categoria) value (null, 'Bistro Bajo del mar', 'NA', null, null, null, 0, null, 34);
insert into SALON_FIESTA(id_servicio, capacidad_salon_fiesta, vigilancia_salon_fiesta, fk_lugar) value (182, 100, 'Vigilancia, camaras de seguridad, Estacionamiento cerrado', 302);
insert into SERVICIO(id_servicio, nombre_servicio, modalidad_pago_servicio, costo_servicio, precio_servicio, descuento_servicio, requiere_cita_servicio, detalles_servicio, fk_categoria) value (null, 'Bistro & Bar Mar y Tierra', 'NA', null, null, null, 0, null, 34);
insert into SALON_FIESTA(id_servicio, capacidad_salon_fiesta, vigilancia_salon_fiesta, fk_lugar) value (183, 70, 'camaras de seguridad, Estacionamiento cerrado', 303);
insert into SERVICIO(id_servicio, nombre_servicio, modalidad_pago_servicio, costo_servicio, precio_servicio, descuento_servicio, requiere_cita_servicio, detalles_servicio, fk_categoria) value (null, 'Restaurant La casa del Embutido', 'NA', null, null, null, 0, null, 34);
insert into SALON_FIESTA(id_servicio, capacidad_salon_fiesta, vigilancia_salon_fiesta, fk_lugar) value (184, 50, 'Estacionamiento cerrado', 304);
insert into SERVICIO(id_servicio, nombre_servicio, modalidad_pago_servicio, costo_servicio, precio_servicio, descuento_servicio, requiere_cita_servicio, detalles_servicio, fk_categoria) value (null, 'Bistro & Bar Tonys', 'NA', null, null, null, 0, null, 34);
insert into SALON_FIESTA(id_servicio, capacidad_salon_fiesta, vigilancia_salon_fiesta, fk_lugar) value (185, 100, 'camaras de seguridad, Estacionamiento cerrado', 305);
insert into SERVICIO(id_servicio, nombre_servicio, modalidad_pago_servicio, costo_servicio, precio_servicio, descuento_servicio, requiere_cita_servicio, detalles_servicio, fk_categoria) value (null, 'Tasca Loma Alta', 'NA', null, null, null, 0, null, 34);
insert into SALON_FIESTA(id_servicio, capacidad_salon_fiesta, vigilancia_salon_fiesta, fk_lugar) value (186, 50, 'Estacionamiento cerrado', 306);
insert into SERVICIO(id_servicio, nombre_servicio, modalidad_pago_servicio, costo_servicio, precio_servicio, descuento_servicio, requiere_cita_servicio, detalles_servicio, fk_categoria) value (null, 'Restaurant Los Primos', 'NA', null, null, null, 0, null, 34);
insert into SALON_FIESTA(id_servicio, capacidad_salon_fiesta, vigilancia_salon_fiesta, fk_lugar) value (187, 70, 'Vigilancia, camaras de seguridad', 307);
insert into SERVICIO(id_servicio, nombre_servicio, modalidad_pago_servicio, costo_servicio, precio_servicio, descuento_servicio, requiere_cita_servicio, detalles_servicio, fk_categoria) value (null, 'Bistro & Bar Big Kahuna Burger', 'NA', null, null, null, 0, null, 34);
insert into SALON_FIESTA(id_servicio, capacidad_salon_fiesta, vigilancia_salon_fiesta, fk_lugar) value (188, 20, 'Estacionamiento cerrado', 308);
insert into SERVICIO(id_servicio, nombre_servicio, modalidad_pago_servicio, costo_servicio, precio_servicio, descuento_servicio, requiere_cita_servicio, detalles_servicio, fk_categoria) value (null, 'Restaurant New York Grill', 'NA', null, null, null, 0, null, 34);
insert into SALON_FIESTA(id_servicio, capacidad_salon_fiesta, vigilancia_salon_fiesta, fk_lugar) value (189, 200, 'Vigilancia, estacionamiento cerrado', 309);
insert into SERVICIO(id_servicio, nombre_servicio, modalidad_pago_servicio, costo_servicio, precio_servicio, descuento_servicio, requiere_cita_servicio, detalles_servicio, fk_categoria) value (null, 'Bistro & Bar El café de la señora Twede', 'NA', null, null, null, 0, null, 34);
insert into SALON_FIESTA(id_servicio, capacidad_salon_fiesta, vigilancia_salon_fiesta, fk_lugar) value (190, 50, 'Estacionamiento cerrado', 310);
insert into SERVICIO(id_servicio, nombre_servicio, modalidad_pago_servicio, costo_servicio, precio_servicio, descuento_servicio, requiere_cita_servicio, detalles_servicio, fk_categoria) value (null, 'Restaurant El lugar del Shawarma', 'NA', null, null, null, 0, null, 34);
insert into SALON_FIESTA(id_servicio, capacidad_salon_fiesta, vigilancia_salon_fiesta, fk_lugar) value (191, 150, 'Vigilancia, camaras de seguridad', 311);
insert into SERVICIO(id_servicio, nombre_servicio, modalidad_pago_servicio, costo_servicio, precio_servicio, descuento_servicio, requiere_cita_servicio, detalles_servicio, fk_categoria) value (null, 'Tasca Kibbe', 'NA', null, null, null, 0, null, 34);
insert into SALON_FIESTA(id_servicio, capacidad_salon_fiesta, vigilancia_salon_fiesta, fk_lugar) value (192, 200, 'camaras de seguridad', 312);
insert into SERVICIO(id_servicio, nombre_servicio, modalidad_pago_servicio, costo_servicio, precio_servicio, descuento_servicio, requiere_cita_servicio, detalles_servicio, fk_categoria) value (null, 'Tasca Habibi', 'NA', null, null, null, 0, null, 34);
insert into SALON_FIESTA(id_servicio, capacidad_salon_fiesta, vigilancia_salon_fiesta, fk_lugar) value (193, 70, 'camaras de seguridad, Estacionamiento cerrado', 313);
insert into SERVICIO(id_servicio, nombre_servicio, modalidad_pago_servicio, costo_servicio, precio_servicio, descuento_servicio, requiere_cita_servicio, detalles_servicio, fk_categoria) value (null, 'Bistro & Bar Donde el Libanés', 'NA', null, null, null, 0, null, 34);
insert into SALON_FIESTA(id_servicio, capacidad_salon_fiesta, vigilancia_salon_fiesta, fk_lugar) value (194, 50, 'Vigilancia, camaras de seguridad', 314);
insert into SERVICIO(id_servicio, nombre_servicio, modalidad_pago_servicio, costo_servicio, precio_servicio, descuento_servicio, requiere_cita_servicio, detalles_servicio, fk_categoria) value (null, 'Restaurant El Koi de la suerte', 'NA', null, null, null, 0, null, 34);
insert into SALON_FIESTA(id_servicio, capacidad_salon_fiesta, vigilancia_salon_fiesta, fk_lugar) value (195, 100, 'Vigilancia, camaras de seguridad, Estacionamiento cerrado', 315);
insert into SERVICIO(id_servicio, nombre_servicio, modalidad_pago_servicio, costo_servicio, precio_servicio, descuento_servicio, requiere_cita_servicio, detalles_servicio, fk_categoria) value (null, 'Bistro & Bar Yaoe Pati. Barbacoa Coreana', 'NA', null, null, null, 0, null, 34);
insert into SALON_FIESTA(id_servicio, capacidad_salon_fiesta, vigilancia_salon_fiesta, fk_lugar) value (196, 20, 'camaras de seguridad', 316);
insert into SERVICIO(id_servicio, nombre_servicio, modalidad_pago_servicio, costo_servicio, precio_servicio, descuento_servicio, requiere_cita_servicio, detalles_servicio, fk_categoria) value (null, 'Restaurant Como en Moscú', 'NA', null, null, null, 0, null, 34);
insert into SALON_FIESTA(id_servicio, capacidad_salon_fiesta, vigilancia_salon_fiesta, fk_lugar) value (197, 50, 'camaras de seguridad', 317);
insert into SERVICIO(id_servicio, nombre_servicio, modalidad_pago_servicio, costo_servicio, precio_servicio, descuento_servicio, requiere_cita_servicio, detalles_servicio, fk_categoria) value (null, 'Bistro Buda sushi', 'NA', null, null, null, 0, null, 34);
insert into SALON_FIESTA(id_servicio, capacidad_salon_fiesta, vigilancia_salon_fiesta, fk_lugar) value (198, 50, 'camaras de seguridad, Estacionamiento cerrado', 318);
insert into SERVICIO(id_servicio, nombre_servicio, modalidad_pago_servicio, costo_servicio, precio_servicio, descuento_servicio, requiere_cita_servicio, detalles_servicio, fk_categoria) value (null, 'Bistro & Bar Kung Food', 'NA', null, null, null, 0, null, 34);
insert into SALON_FIESTA(id_servicio, capacidad_salon_fiesta, vigilancia_salon_fiesta, fk_lugar) value (199, 50, 'camaras de seguridad, Estacionamiento cerrado', 319);
insert into SERVICIO(id_servicio, nombre_servicio, modalidad_pago_servicio, costo_servicio, precio_servicio, descuento_servicio, requiere_cita_servicio, detalles_servicio, fk_categoria) value (null, 'Bistro La pizzeria de Fabrizio', 'NA', null, null, null, 0, null, 34);
insert into SALON_FIESTA(id_servicio, capacidad_salon_fiesta, vigilancia_salon_fiesta, fk_lugar) value (200, 35, 'Estacionamiento cerrado', 320);
insert into SERVICIO(id_servicio, nombre_servicio, modalidad_pago_servicio, costo_servicio, precio_servicio, descuento_servicio, requiere_cita_servicio, detalles_servicio, fk_categoria) value (null, 'Bistro & Bar Deli Clubs', 'NA', null, null, null, 0, null, 34);
insert into SALON_FIESTA(id_servicio, capacidad_salon_fiesta, vigilancia_salon_fiesta, fk_lugar) value (201, 200, 'Estacionamiento cerrado', 321);
insert into SERVICIO(id_servicio, nombre_servicio, modalidad_pago_servicio, costo_servicio, precio_servicio, descuento_servicio, requiere_cita_servicio, detalles_servicio, fk_categoria) value (null, 'Bistro Echale Salsa', 'NA', null, null, null, 0, null, 34);
insert into SALON_FIESTA(id_servicio, capacidad_salon_fiesta, vigilancia_salon_fiesta, fk_lugar) value (202, 50, 'Vigilancia, estacionamiento cerrado', 322);
insert into SERVICIO(id_servicio, nombre_servicio, modalidad_pago_servicio, costo_servicio, precio_servicio, descuento_servicio, requiere_cita_servicio, detalles_servicio, fk_categoria) value (null, 'Bistro 1060', 'NA', null, null, null, 0, null, 34);
insert into SALON_FIESTA(id_servicio, capacidad_salon_fiesta, vigilancia_salon_fiesta, fk_lugar) value (203, 85, 'camaras de seguridad, Estacionamiento cerrado', 323);
insert into SERVICIO(id_servicio, nombre_servicio, modalidad_pago_servicio, costo_servicio, precio_servicio, descuento_servicio, requiere_cita_servicio, detalles_servicio, fk_categoria) value (null, 'Restaurant Bala Fría', 'NA', null, null, null, 0, null, 34);
insert into SALON_FIESTA(id_servicio, capacidad_salon_fiesta, vigilancia_salon_fiesta, fk_lugar) value (204, 70, 'camaras de seguridad', 324);
insert into SERVICIO(id_servicio, nombre_servicio, modalidad_pago_servicio, costo_servicio, precio_servicio, descuento_servicio, requiere_cita_servicio, detalles_servicio, fk_categoria) value (null, 'Bistro & Bar Del Mar a la Mesa', 'NA', null, null, null, 0, null, 34);
insert into SALON_FIESTA(id_servicio, capacidad_salon_fiesta, vigilancia_salon_fiesta, fk_lugar) value (205, 35, 'Vigilancia, camaras de seguridad, Estacionamiento cerrado', 325);
insert into SERVICIO(id_servicio, nombre_servicio, modalidad_pago_servicio, costo_servicio, precio_servicio, descuento_servicio, requiere_cita_servicio, detalles_servicio, fk_categoria) value (null, 'Tasca La pesca de Don Miguel', 'NA', null, null, null, 0, null, 34);
insert into SALON_FIESTA(id_servicio, capacidad_salon_fiesta, vigilancia_salon_fiesta, fk_lugar) value (206, 200, 'Estacionamiento cerrado', 326);
insert into SERVICIO(id_servicio, nombre_servicio, modalidad_pago_servicio, costo_servicio, precio_servicio, descuento_servicio, requiere_cita_servicio, detalles_servicio, fk_categoria) value (null, 'Restaurant El crustáceo Cascarudo', 'NA', null, null, null, 0, null, 34);
insert into SALON_FIESTA(id_servicio, capacidad_salon_fiesta, vigilancia_salon_fiesta, fk_lugar) value (207, 70, 'camaras de seguridad, Estacionamiento cerrado', 327);
insert into SERVICIO(id_servicio, nombre_servicio, modalidad_pago_servicio, costo_servicio, precio_servicio, descuento_servicio, requiere_cita_servicio, detalles_servicio, fk_categoria) value (null, 'Bistro & Bar Río de Salmones', 'NA', null, null, null, 0, null, 34);
insert into SALON_FIESTA(id_servicio, capacidad_salon_fiesta, vigilancia_salon_fiesta, fk_lugar) value (208, 20, 'camaras de seguridad', 328);
insert into SERVICIO(id_servicio, nombre_servicio, modalidad_pago_servicio, costo_servicio, precio_servicio, descuento_servicio, requiere_cita_servicio, detalles_servicio, fk_categoria) value (null, 'Bistro & Bar Del negro', 'NA', null, null, null, 0, null, 34);
insert into SALON_FIESTA(id_servicio, capacidad_salon_fiesta, vigilancia_salon_fiesta, fk_lugar) value (209, 150, 'Vigilancia, camaras de seguridad', 329);
insert into SERVICIO(id_servicio, nombre_servicio, modalidad_pago_servicio, costo_servicio, precio_servicio, descuento_servicio, requiere_cita_servicio, detalles_servicio, fk_categoria) value (null, 'Tasca Caracas Fried Chicken', 'NA', null, null, null, 0, null, 34);
insert into SALON_FIESTA(id_servicio, capacidad_salon_fiesta, vigilancia_salon_fiesta, fk_lugar) value (210, 100, 'camaras de seguridad, Estacionamiento cerrado', 330);
insert into SERVICIO(id_servicio, nombre_servicio, modalidad_pago_servicio, costo_servicio, precio_servicio, descuento_servicio, requiere_cita_servicio, detalles_servicio, fk_categoria) value (null, 'Restaurant T.G.I. Thursday', 'NA', null, null, null, 0, null, 34);
insert into SALON_FIESTA(id_servicio, capacidad_salon_fiesta, vigilancia_salon_fiesta, fk_lugar) value (211, 85, 'Vigilancia, camaras de seguridad', 331);
insert into SERVICIO(id_servicio, nombre_servicio, modalidad_pago_servicio, costo_servicio, precio_servicio, descuento_servicio, requiere_cita_servicio, detalles_servicio, fk_categoria) value (null, 'Tasca Sophies', 'NA', null, null, null, 0, null, 34);
insert into SALON_FIESTA(id_servicio, capacidad_salon_fiesta, vigilancia_salon_fiesta, fk_lugar) value (212, 35, 'camaras de seguridad, Estacionamiento cerrado', 332);
insert into SERVICIO(id_servicio, nombre_servicio, modalidad_pago_servicio, costo_servicio, precio_servicio, descuento_servicio, requiere_cita_servicio, detalles_servicio, fk_categoria) value (null, 'Restaurant Café & Dulce', 'NA', null, null, null, 0, null, 34);
insert into SALON_FIESTA(id_servicio, capacidad_salon_fiesta, vigilancia_salon_fiesta, fk_lugar) value (213, 85, 'Vigilancia, camaras de seguridad', 333);
insert into SERVICIO(id_servicio, nombre_servicio, modalidad_pago_servicio, costo_servicio, precio_servicio, descuento_servicio, requiere_cita_servicio, detalles_servicio, fk_categoria) value (null, 'Bistro & Bar La fábrica de Charlie', 'NA', null, null, null, 0, null, 34);
insert into SALON_FIESTA(id_servicio, capacidad_salon_fiesta, vigilancia_salon_fiesta, fk_lugar) value (214, 200, 'camaras de seguridad, Estacionamiento cerrado', 334);
insert into SERVICIO(id_servicio, nombre_servicio, modalidad_pago_servicio, costo_servicio, precio_servicio, descuento_servicio, requiere_cita_servicio, detalles_servicio, fk_categoria) value (null, 'Bistro & Bar Kahnwalds', 'NA', null, null, null, 0, null, 34);
insert into SALON_FIESTA(id_servicio, capacidad_salon_fiesta, vigilancia_salon_fiesta, fk_lugar) value (215, 100, 'camaras de seguridad', 335);
insert into SERVICIO(id_servicio, nombre_servicio, modalidad_pago_servicio, costo_servicio, precio_servicio, descuento_servicio, requiere_cita_servicio, detalles_servicio, fk_categoria) value (null, 'Tasca Don Antonio', 'NA', null, null, null, 0, null, 34);
insert into SALON_FIESTA(id_servicio, capacidad_salon_fiesta, vigilancia_salon_fiesta, fk_lugar) value (216, 20, 'Vigilancia, estacionamiento cerrado', 336);
insert into SERVICIO(id_servicio, nombre_servicio, modalidad_pago_servicio, costo_servicio, precio_servicio, descuento_servicio, requiere_cita_servicio, detalles_servicio, fk_categoria) value (null, 'Restaurant Diseña tu pizza', 'NA', null, null, null, 0, null, 34);
insert into SALON_FIESTA(id_servicio, capacidad_salon_fiesta, vigilancia_salon_fiesta, fk_lugar) value (217, 85, 'camaras de seguridad, Estacionamiento cerrado', 337);
insert into SERVICIO(id_servicio, nombre_servicio, modalidad_pago_servicio, costo_servicio, precio_servicio, descuento_servicio, requiere_cita_servicio, detalles_servicio, fk_categoria) value (null, 'Bistro El Galpón de la Carne', 'NA', null, null, null, 0, null, 34);
insert into SALON_FIESTA(id_servicio, capacidad_salon_fiesta, vigilancia_salon_fiesta, fk_lugar) value (218, 50, 'Vigilancia, camaras de seguridad, Estacionamiento cerrado', 338);
insert into SERVICIO(id_servicio, nombre_servicio, modalidad_pago_servicio, costo_servicio, precio_servicio, descuento_servicio, requiere_cita_servicio, detalles_servicio, fk_categoria) value (null, 'Bistro Full Empanada', 'NA', null, null, null, 0, null, 34);
insert into SALON_FIESTA(id_servicio, capacidad_salon_fiesta, vigilancia_salon_fiesta, fk_lugar) value (219, 35, 'Vigilancia, camaras de seguridad', 339);
insert into SERVICIO(id_servicio, nombre_servicio, modalidad_pago_servicio, costo_servicio, precio_servicio, descuento_servicio, requiere_cita_servicio, detalles_servicio, fk_categoria) value (null, 'Tasca Napoli', 'NA', null, null, null, 0, null, 34);
insert into SALON_FIESTA(id_servicio, capacidad_salon_fiesta, vigilancia_salon_fiesta, fk_lugar) value (220, 20, 'Estacionamiento cerrado', 340);
insert into SERVICIO(id_servicio, nombre_servicio, modalidad_pago_servicio, costo_servicio, precio_servicio, descuento_servicio, requiere_cita_servicio, detalles_servicio, fk_categoria) value (null, 'Tasca T4K3 Y0UR F00D', 'NA', null, null, null, 0, null, 34);
insert into SALON_FIESTA(id_servicio, capacidad_salon_fiesta, vigilancia_salon_fiesta, fk_lugar) value (221, 85, 'Vigilancia, camaras de seguridad, Estacionamiento cerrado', 341);
insert into SERVICIO(id_servicio, nombre_servicio, modalidad_pago_servicio, costo_servicio, precio_servicio, descuento_servicio, requiere_cita_servicio, detalles_servicio, fk_categoria) value (null, 'Tasca Jazz & Blues', 'NA', null, null, null, 0, null, 34);
insert into SALON_FIESTA(id_servicio, capacidad_salon_fiesta, vigilancia_salon_fiesta, fk_lugar) value (222, 50, 'camaras de seguridad', 342);
insert into SERVICIO(id_servicio, nombre_servicio, modalidad_pago_servicio, costo_servicio, precio_servicio, descuento_servicio, requiere_cita_servicio, detalles_servicio, fk_categoria) value (null, 'Bistro & Bar Lous Bar', 'NA', null, null, null, 0, null, 34);
insert into SALON_FIESTA(id_servicio, capacidad_salon_fiesta, vigilancia_salon_fiesta, fk_lugar) value (223, 150, 'Vigilancia, camaras de seguridad, Estacionamiento cerrado', 343);
insert into SERVICIO(id_servicio, nombre_servicio, modalidad_pago_servicio, costo_servicio, precio_servicio, descuento_servicio, requiere_cita_servicio, detalles_servicio, fk_categoria) value (null, 'Tasca El Vaso Dorado', 'NA', null, null, null, 0, null, 34);
insert into SALON_FIESTA(id_servicio, capacidad_salon_fiesta, vigilancia_salon_fiesta, fk_lugar) value (224, 200, 'Vigilancia, camaras de seguridad', 344);
insert into SERVICIO(id_servicio, nombre_servicio, modalidad_pago_servicio, costo_servicio, precio_servicio, descuento_servicio, requiere_cita_servicio, detalles_servicio, fk_categoria) value (null, 'Restaurant 55 Grill', 'NA', null, null, null, 0, null, 34);
insert into SALON_FIESTA(id_servicio, capacidad_salon_fiesta, vigilancia_salon_fiesta, fk_lugar) value (225, 20, 'camaras de seguridad', 345);
insert into SERVICIO(id_servicio, nombre_servicio, modalidad_pago_servicio, costo_servicio, precio_servicio, descuento_servicio, requiere_cita_servicio, detalles_servicio, fk_categoria) value (null, 'Tasca La estadía', 'NA', null, null, null, 0, null, 34);
insert into SALON_FIESTA(id_servicio, capacidad_salon_fiesta, vigilancia_salon_fiesta, fk_lugar) value (226, 50, 'camaras de seguridad, Estacionamiento cerrado', 346);
insert into SERVICIO(id_servicio, nombre_servicio, modalidad_pago_servicio, costo_servicio, precio_servicio, descuento_servicio, requiere_cita_servicio, detalles_servicio, fk_categoria) value (null, 'Restaurant El Faro', 'NA', null, null, null, 0, null, 34);
insert into SALON_FIESTA(id_servicio, capacidad_salon_fiesta, vigilancia_salon_fiesta, fk_lugar) value (227, 150, 'Vigilancia, camaras de seguridad', 347);
insert into SERVICIO(id_servicio, nombre_servicio, modalidad_pago_servicio, costo_servicio, precio_servicio, descuento_servicio, requiere_cita_servicio, detalles_servicio, fk_categoria) value (null, 'Tasca Vista Al Mar', 'NA', null, null, null, 0, null, 34);
insert into SALON_FIESTA(id_servicio, capacidad_salon_fiesta, vigilancia_salon_fiesta, fk_lugar) value (228, 100, 'camaras de seguridad', 348);
insert into SERVICIO(id_servicio, nombre_servicio, modalidad_pago_servicio, costo_servicio, precio_servicio, descuento_servicio, requiere_cita_servicio, detalles_servicio, fk_categoria) value (null, 'Tasca La Cosecha', 'NA', null, null, null, 0, null, 34);
insert into SALON_FIESTA(id_servicio, capacidad_salon_fiesta, vigilancia_salon_fiesta, fk_lugar) value (229, 85, 'camaras de seguridad', 349);
insert into SERVICIO(id_servicio, nombre_servicio, modalidad_pago_servicio, costo_servicio, precio_servicio, descuento_servicio, requiere_cita_servicio, detalles_servicio, fk_categoria) value (null, 'Restaurant Pizzashack', 'NA', null, null, null, 0, null, 34);
insert into SALON_FIESTA(id_servicio, capacidad_salon_fiesta, vigilancia_salon_fiesta, fk_lugar) value (230, 70, 'Vigilancia, camaras de seguridad, Estacionamiento cerrado', 350);
insert into SERVICIO(id_servicio, nombre_servicio, modalidad_pago_servicio, costo_servicio, precio_servicio, descuento_servicio, requiere_cita_servicio, detalles_servicio, fk_categoria) value (null, 'Restaurant Alfonsos', 'NA', null, null, null, 0, null, 34);
insert into SALON_FIESTA(id_servicio, capacidad_salon_fiesta, vigilancia_salon_fiesta, fk_lugar) value (231, 150, 'camaras de seguridad', 351);
insert into SERVICIO(id_servicio, nombre_servicio, modalidad_pago_servicio, costo_servicio, precio_servicio, descuento_servicio, requiere_cita_servicio, detalles_servicio, fk_categoria) value (null, 'Tasca Buena Vida', 'NA', null, null, null, 0, null, 34);
insert into SALON_FIESTA(id_servicio, capacidad_salon_fiesta, vigilancia_salon_fiesta, fk_lugar) value (232, 100, 'Vigilancia, camaras de seguridad', 352);
insert into SERVICIO(id_servicio, nombre_servicio, modalidad_pago_servicio, costo_servicio, precio_servicio, descuento_servicio, requiere_cita_servicio, detalles_servicio, fk_categoria) value (null, 'Restaurant Lil bits', 'NA', null, null, null, 0, null, 34);
insert into SALON_FIESTA(id_servicio, capacidad_salon_fiesta, vigilancia_salon_fiesta, fk_lugar) value (233, 35, 'Vigilancia, camaras de seguridad, Estacionamiento cerrado', 353);
insert into SERVICIO(id_servicio, nombre_servicio, modalidad_pago_servicio, costo_servicio, precio_servicio, descuento_servicio, requiere_cita_servicio, detalles_servicio, fk_categoria) value (null, 'Bistro Shoneys', 'NA', null, null, null, 0, null, 34);
insert into SALON_FIESTA(id_servicio, capacidad_salon_fiesta, vigilancia_salon_fiesta, fk_lugar) value (234, 70, 'Vigilancia, camaras de seguridad', 354);
insert into SERVICIO(id_servicio, nombre_servicio, modalidad_pago_servicio, costo_servicio, precio_servicio, descuento_servicio, requiere_cita_servicio, detalles_servicio, fk_categoria) value (null, 'Bistro & Bar Nico Tito y Tommy', 'NA', null, null, null, 0, null, 34);
insert into SALON_FIESTA(id_servicio, capacidad_salon_fiesta, vigilancia_salon_fiesta, fk_lugar) value (235, 200, 'Vigilancia, camaras de seguridad', 355);
insert into SERVICIO(id_servicio, nombre_servicio, modalidad_pago_servicio, costo_servicio, precio_servicio, descuento_servicio, requiere_cita_servicio, detalles_servicio, fk_categoria) value (null, 'Bistro & Bar Monets Café', 'NA', null, null, null, 0, null, 34);
insert into SALON_FIESTA(id_servicio, capacidad_salon_fiesta, vigilancia_salon_fiesta, fk_lugar) value (236, 100, 'Vigilancia, estacionamiento cerrado', 356);
insert into SERVICIO(id_servicio, nombre_servicio, modalidad_pago_servicio, costo_servicio, precio_servicio, descuento_servicio, requiere_cita_servicio, detalles_servicio, fk_categoria) value (null, 'Bistro & Bar El Apache', 'NA', null, null, null, 0, null, 34);
insert into SALON_FIESTA(id_servicio, capacidad_salon_fiesta, vigilancia_salon_fiesta, fk_lugar) value (237, 50, 'Estacionamiento cerrado', 357);
insert into SERVICIO(id_servicio, nombre_servicio, modalidad_pago_servicio, costo_servicio, precio_servicio, descuento_servicio, requiere_cita_servicio, detalles_servicio, fk_categoria) value (null, 'Restaurant Alto Casino', 'NA', null, null, null, 0, null, 34);
insert into SALON_FIESTA(id_servicio, capacidad_salon_fiesta, vigilancia_salon_fiesta, fk_lugar) value (238, 85, 'Estacionamiento cerrado', 358);
insert into SERVICIO(id_servicio, nombre_servicio, modalidad_pago_servicio, costo_servicio, precio_servicio, descuento_servicio, requiere_cita_servicio, detalles_servicio, fk_categoria) value (null, 'Bistro Martín y Martín', 'NA', null, null, null, 0, null, 34);
insert into SALON_FIESTA(id_servicio, capacidad_salon_fiesta, vigilancia_salon_fiesta, fk_lugar) value (239, 20, 'Vigilancia, camaras de seguridad, Estacionamiento cerrado', 359);

#salones de fiesta
insert into SERVICIO(id_servicio, nombre_servicio, modalidad_pago_servicio, costo_servicio, precio_servicio, descuento_servicio, requiere_cita_servicio, detalles_servicio, fk_categoria) value (null, 'Residencias La loma', 'NA', 35000, 40250, 0, 0, null, 12);
insert into SALON_FIESTA(id_servicio, capacidad_salon_fiesta, vigilancia_salon_fiesta, fk_lugar) value (240, 85, 'camaras de seguridad', 1);
insert into SERVICIO(id_servicio, nombre_servicio, modalidad_pago_servicio, costo_servicio, precio_servicio, descuento_servicio, requiere_cita_servicio, detalles_servicio, fk_categoria) value (null, 'Gran Salón Las nieves', 'NA', 40000, 46000, 0, 0, null, 12);
insert into SALON_FIESTA(id_servicio, capacidad_salon_fiesta, vigilancia_salon_fiesta, fk_lugar) value (241, 50, 'Vigilancia, camaras de seguridad', 2);
insert into SERVICIO(id_servicio, nombre_servicio, modalidad_pago_servicio, costo_servicio, precio_servicio, descuento_servicio, requiere_cita_servicio, detalles_servicio, fk_categoria) value (null, 'Residencias Alto tepuy', 'NA', 40000, 46000, 0, 0, null, 12);
insert into SALON_FIESTA(id_servicio, capacidad_salon_fiesta, vigilancia_salon_fiesta, fk_lugar) value (242, 85, 'Vigilancia, camaras de seguridad', 3);
insert into SERVICIO(id_servicio, nombre_servicio, modalidad_pago_servicio, costo_servicio, precio_servicio, descuento_servicio, requiere_cita_servicio, detalles_servicio, fk_categoria) value (null, 'Gran Salón Las guacamayas', 'NA', 40000, 46000, 0, 0, null, 12);
insert into SALON_FIESTA(id_servicio, capacidad_salon_fiesta, vigilancia_salon_fiesta, fk_lugar) value (243, 70, 'Vigilancia, camaras de seguridad, Estacionamiento cerrado', 4);
insert into SERVICIO(id_servicio, nombre_servicio, modalidad_pago_servicio, costo_servicio, precio_servicio, descuento_servicio, requiere_cita_servicio, detalles_servicio, fk_categoria) value (null, 'Residencias Los pinos', 'NA', 40000, 46000, 0, 0, null, 12);
insert into SALON_FIESTA(id_servicio, capacidad_salon_fiesta, vigilancia_salon_fiesta, fk_lugar) value (244, 35, 'camaras de seguridad', 5);
insert into SERVICIO(id_servicio, nombre_servicio, modalidad_pago_servicio, costo_servicio, precio_servicio, descuento_servicio, requiere_cita_servicio, detalles_servicio, fk_categoria) value (null, 'Edificio Las orquídeas', 'NA', 25000, 28750, 0, 0, null, 12);
insert into SALON_FIESTA(id_servicio, capacidad_salon_fiesta, vigilancia_salon_fiesta, fk_lugar) value (245, 35, 'camaras de seguridad', 6);
insert into SERVICIO(id_servicio, nombre_servicio, modalidad_pago_servicio, costo_servicio, precio_servicio, descuento_servicio, requiere_cita_servicio, detalles_servicio, fk_categoria) value (null, 'Gran Salón Rosa II', 'NA', 20000, 23000, 0, 0, null, 12);
insert into SALON_FIESTA(id_servicio, capacidad_salon_fiesta, vigilancia_salon_fiesta, fk_lugar) value (246, 35, 'camaras de seguridad', 7);
insert into SERVICIO(id_servicio, nombre_servicio, modalidad_pago_servicio, costo_servicio, precio_servicio, descuento_servicio, requiere_cita_servicio, detalles_servicio, fk_categoria) value (null, 'Edificio El dorado', 'NA', 25000, 28750, 0, 0, null, 12);
insert into SALON_FIESTA(id_servicio, capacidad_salon_fiesta, vigilancia_salon_fiesta, fk_lugar) value (247, 200, 'Vigilancia, estacionamiento cerrado', 8);
insert into SERVICIO(id_servicio, nombre_servicio, modalidad_pago_servicio, costo_servicio, precio_servicio, descuento_servicio, requiere_cita_servicio, detalles_servicio, fk_categoria) value (null, 'Gran Salón Roraima', 'NA', 35000, 40250, 0, 0, null, 12);
insert into SALON_FIESTA(id_servicio, capacidad_salon_fiesta, vigilancia_salon_fiesta, fk_lugar) value (248, 85, 'Vigilancia, camaras de seguridad', 9);
insert into SERVICIO(id_servicio, nombre_servicio, modalidad_pago_servicio, costo_servicio, precio_servicio, descuento_servicio, requiere_cita_servicio, detalles_servicio, fk_categoria) value (null, 'Gran Salón Anaco', 'NA', 20000, 23000, 0, 0, null, 12);
insert into SALON_FIESTA(id_servicio, capacidad_salon_fiesta, vigilancia_salon_fiesta, fk_lugar) value (249, 50, 'camaras de seguridad', 10);
insert into SERVICIO(id_servicio, nombre_servicio, modalidad_pago_servicio, costo_servicio, precio_servicio, descuento_servicio, requiere_cita_servicio, detalles_servicio, fk_categoria) value (null, 'Gran Salón Puerto Rosado', 'NA', 40000, 46000, 0, 0, null, 12);
insert into SALON_FIESTA(id_servicio, capacidad_salon_fiesta, vigilancia_salon_fiesta, fk_lugar) value (250, 200, 'Vigilancia, estacionamiento cerrado', 11);
insert into SERVICIO(id_servicio, nombre_servicio, modalidad_pago_servicio, costo_servicio, precio_servicio, descuento_servicio, requiere_cita_servicio, detalles_servicio, fk_categoria) value (null, 'Gran Salón Ciudad Atlántico', 'NA', 25000, 28750, 0, 0, null, 12);
insert into SALON_FIESTA(id_servicio, capacidad_salon_fiesta, vigilancia_salon_fiesta, fk_lugar) value (251, 150, 'Vigilancia, camaras de seguridad', 12);
insert into SERVICIO(id_servicio, nombre_servicio, modalidad_pago_servicio, costo_servicio, precio_servicio, descuento_servicio, requiere_cita_servicio, detalles_servicio, fk_categoria) value (null, 'Gran Salón El tesoro', 'NA', 40000, 46000, 0, 0, null, 12);
insert into SALON_FIESTA(id_servicio, capacidad_salon_fiesta, vigilancia_salon_fiesta, fk_lugar) value (252, 200, 'camaras de seguridad', 13);
insert into SERVICIO(id_servicio, nombre_servicio, modalidad_pago_servicio, costo_servicio, precio_servicio, descuento_servicio, requiere_cita_servicio, detalles_servicio, fk_categoria) value (null, 'Gran Salón Manantial', 'NA', 40000, 46000, 0, 0, null, 12);
insert into SALON_FIESTA(id_servicio, capacidad_salon_fiesta, vigilancia_salon_fiesta, fk_lugar) value (253, 70, 'Estacionamiento cerrado', 14);
insert into SERVICIO(id_servicio, nombre_servicio, modalidad_pago_servicio, costo_servicio, precio_servicio, descuento_servicio, requiere_cita_servicio, detalles_servicio, fk_categoria) value (null, 'Gran Salón 19 de abril', 'NA', 35000, 40250, 0, 0, null, 12);
insert into SALON_FIESTA(id_servicio, capacidad_salon_fiesta, vigilancia_salon_fiesta, fk_lugar) value (254, 70, 'Vigilancia, estacionamiento cerrado', 15);
insert into SERVICIO(id_servicio, nombre_servicio, modalidad_pago_servicio, costo_servicio, precio_servicio, descuento_servicio, requiere_cita_servicio, detalles_servicio, fk_categoria) value (null, 'Residencias 5 julio', 'NA', 35000, 40250, 0, 0, null, 12);
insert into SALON_FIESTA(id_servicio, capacidad_salon_fiesta, vigilancia_salon_fiesta, fk_lugar) value (255, 100, 'Vigilancia, estacionamiento cerrado', 16);
insert into SERVICIO(id_servicio, nombre_servicio, modalidad_pago_servicio, costo_servicio, precio_servicio, descuento_servicio, requiere_cita_servicio, detalles_servicio, fk_categoria) value (null, 'Edificio El pozo', 'NA', 20000, 23000, 0, 0, null, 12);
insert into SALON_FIESTA(id_servicio, capacidad_salon_fiesta, vigilancia_salon_fiesta, fk_lugar) value (256, 20, 'camaras de seguridad, Estacionamiento cerrado', 17);
insert into SERVICIO(id_servicio, nombre_servicio, modalidad_pago_servicio, costo_servicio, precio_servicio, descuento_servicio, requiere_cita_servicio, detalles_servicio, fk_categoria) value (null, 'Residencias El rosal', 'NA', 40000, 46000, 0, 0, null, 12);
insert into SALON_FIESTA(id_servicio, capacidad_salon_fiesta, vigilancia_salon_fiesta, fk_lugar) value (257, 50, 'Vigilancia, camaras de seguridad', 18);
insert into SERVICIO(id_servicio, nombre_servicio, modalidad_pago_servicio, costo_servicio, precio_servicio, descuento_servicio, requiere_cita_servicio, detalles_servicio, fk_categoria) value (null, 'Edificio El duraznal', 'NA', 35000, 40250, 0, 0, null, 12);
insert into SALON_FIESTA(id_servicio, capacidad_salon_fiesta, vigilancia_salon_fiesta, fk_lugar) value (258, 150, 'Vigilancia, estacionamiento cerrado', 19);
insert into SERVICIO(id_servicio, nombre_servicio, modalidad_pago_servicio, costo_servicio, precio_servicio, descuento_servicio, requiere_cita_servicio, detalles_servicio, fk_categoria) value (null, 'Gran Salón Guaicaipuro', 'NA', 25000, 28750, 0, 0, null, 12);
insert into SALON_FIESTA(id_servicio, capacidad_salon_fiesta, vigilancia_salon_fiesta, fk_lugar) value (259, 50, 'Vigilancia, estacionamiento cerrado', 20);
insert into SERVICIO(id_servicio, nombre_servicio, modalidad_pago_servicio, costo_servicio, precio_servicio, descuento_servicio, requiere_cita_servicio, detalles_servicio, fk_categoria) value (null, 'Edificio Shalom', 'NA', 25000, 28750, 0, 0, null, 12);
insert into SALON_FIESTA(id_servicio, capacidad_salon_fiesta, vigilancia_salon_fiesta, fk_lugar) value (260, 70, 'Vigilancia, camaras de seguridad', 21);
insert into SERVICIO(id_servicio, nombre_servicio, modalidad_pago_servicio, costo_servicio, precio_servicio, descuento_servicio, requiere_cita_servicio, detalles_servicio, fk_categoria) value (null, 'Gran Salón El inca', 'NA', 20000, 23000, 0, 0, null, 12);
insert into SALON_FIESTA(id_servicio, capacidad_salon_fiesta, vigilancia_salon_fiesta, fk_lugar) value (261, 150, 'camaras de seguridad', 22);
insert into SERVICIO(id_servicio, nombre_servicio, modalidad_pago_servicio, costo_servicio, precio_servicio, descuento_servicio, requiere_cita_servicio, detalles_servicio, fk_categoria) value (null, 'Residencias Bonsai', 'NA', 20000, 23000, 0, 0, null, 12);
insert into SALON_FIESTA(id_servicio, capacidad_salon_fiesta, vigilancia_salon_fiesta, fk_lugar) value (262, 20, 'camaras de seguridad', 23);
insert into SERVICIO(id_servicio, nombre_servicio, modalidad_pago_servicio, costo_servicio, precio_servicio, descuento_servicio, requiere_cita_servicio, detalles_servicio, fk_categoria) value (null, 'Gran Salón Bolívar', 'NA', 35000, 40250, 0, 0, null, 12);
insert into SALON_FIESTA(id_servicio, capacidad_salon_fiesta, vigilancia_salon_fiesta, fk_lugar) value (263, 85, 'Estacionamiento cerrado', 24);

#telefonos salones
insert into TELEFONO(id_telefono, codigo_area_telefono, numero_telefono, fk_salon) value (null, 0424, 1111111, 240);
insert into TELEFONO(id_telefono, codigo_area_telefono, numero_telefono, fk_salon) value (null, 0424, 1111112, 241);
insert into TELEFONO(id_telefono, codigo_area_telefono, numero_telefono, fk_salon) value (null, 0424, 1111113, 242);
insert into TELEFONO(id_telefono, codigo_area_telefono, numero_telefono, fk_salon) value (null, 0424, 1111114, 243);
insert into TELEFONO(id_telefono, codigo_area_telefono, numero_telefono, fk_salon) value (null, 0424, 1111115, 244);
insert into TELEFONO(id_telefono, codigo_area_telefono, numero_telefono, fk_salon) value (null, 0424, 1111116, 245);
insert into TELEFONO(id_telefono, codigo_area_telefono, numero_telefono, fk_salon) value (null, 0424, 1111117, 246);
insert into TELEFONO(id_telefono, codigo_area_telefono, numero_telefono, fk_salon) value (null, 0424, 1111118, 247);
insert into TELEFONO(id_telefono, codigo_area_telefono, numero_telefono, fk_salon) value (null, 0424, 1111119, 248);
insert into TELEFONO(id_telefono, codigo_area_telefono, numero_telefono, fk_salon) value (null, 0424, 1111120, 249);
insert into TELEFONO(id_telefono, codigo_area_telefono, numero_telefono, fk_salon) value (null, 0424, 1111121, 250);
insert into TELEFONO(id_telefono, codigo_area_telefono, numero_telefono, fk_salon) value (null, 0424, 1111122, 251);
insert into TELEFONO(id_telefono, codigo_area_telefono, numero_telefono, fk_salon) value (null, 0424, 1111123, 252);
insert into TELEFONO(id_telefono, codigo_area_telefono, numero_telefono, fk_salon) value (null, 0424, 1111124, 253);
insert into TELEFONO(id_telefono, codigo_area_telefono, numero_telefono, fk_salon) value (null, 0424, 1111125, 254);
insert into TELEFONO(id_telefono, codigo_area_telefono, numero_telefono, fk_salon) value (null, 0424, 1111126, 255);
insert into TELEFONO(id_telefono, codigo_area_telefono, numero_telefono, fk_salon) value (null, 0424, 1111127, 256);
insert into TELEFONO(id_telefono, codigo_area_telefono, numero_telefono, fk_salon) value (null, 0424, 1111128, 257);
insert into TELEFONO(id_telefono, codigo_area_telefono, numero_telefono, fk_salon) value (null, 0424, 1111129, 258);
insert into TELEFONO(id_telefono, codigo_area_telefono, numero_telefono, fk_salon) value (null, 0424, 1111130, 259);
insert into TELEFONO(id_telefono, codigo_area_telefono, numero_telefono, fk_salon) value (null, 0424, 1111131, 260);
insert into TELEFONO(id_telefono, codigo_area_telefono, numero_telefono, fk_salon) value (null, 0424, 1111132, 261);
insert into TELEFONO(id_telefono, codigo_area_telefono, numero_telefono, fk_salon) value (null, 0424, 1111133, 262);
insert into TELEFONO(id_telefono, codigo_area_telefono, numero_telefono, fk_salon) value (null, 0424, 1111134, 263);

#puntos de referencia
insert into PUNTO_REFERENCIA(id_punto_refencia, descripcion_punto_refencia, fk_salon_fiesta) value (null, 'Luego del supermercado MaxiCompras, a la derecha, frente a la casa blanca', 240);
insert into PUNTO_REFERENCIA(id_punto_refencia, descripcion_punto_refencia, fk_salon_fiesta) value (null, 'Luego del cartel de diablitos a la izquierda hasta llegar a una calle ciega', 241);
insert into PUNTO_REFERENCIA(id_punto_refencia, descripcion_punto_refencia, fk_salon_fiesta) value (null, 'frente al CC El llanito', 242);
insert into PUNTO_REFERENCIA(id_punto_refencia, descripcion_punto_refencia, fk_salon_fiesta) value (null, 'Al llegar a la plaza tomar 2 izquierdas e ir recto hasta el final', 243);
insert into PUNTO_REFERENCIA(id_punto_refencia, descripcion_punto_refencia, fk_salon_fiesta) value (null, 'Sotano del CC El Cacique', 244);
insert into PUNTO_REFERENCIA(id_punto_refencia, descripcion_punto_refencia, fk_salon_fiesta) value (null, 'Luego del araguaney ingresar por el porton negro', 245);
insert into PUNTO_REFERENCIA(id_punto_refencia, descripcion_punto_refencia, fk_salon_fiesta) value (null, 'Farmatodo', 246);
insert into PUNTO_REFERENCIA(id_punto_refencia, descripcion_punto_refencia, fk_salon_fiesta) value (null, 'McDonalds', 247);
insert into PUNTO_REFERENCIA(id_punto_refencia, descripcion_punto_refencia, fk_salon_fiesta) value (null, 'CC Pradera Seca', 248);
insert into PUNTO_REFERENCIA(id_punto_refencia, descripcion_punto_refencia, fk_salon_fiesta) value (null, 'El crustaceo cascarudo', 249);
insert into PUNTO_REFERENCIA(id_punto_refencia, descripcion_punto_refencia, fk_salon_fiesta) value (null, 'Tintoreria siempre limpio', 250);
insert into PUNTO_REFERENCIA(id_punto_refencia, descripcion_punto_refencia, fk_salon_fiesta) value (null, 'KFC', 251);
insert into PUNTO_REFERENCIA(id_punto_refencia, descripcion_punto_refencia, fk_salon_fiesta) value (null, 'Luego del supermercado MaxiCompras, a la derecha, frente a la casa blanca', 252);
insert into PUNTO_REFERENCIA(id_punto_refencia, descripcion_punto_refencia, fk_salon_fiesta) value (null, 'Luego del cartel de diablitos a la izquierda hasta llegar a una calle ciega', 253);
insert into PUNTO_REFERENCIA(id_punto_refencia, descripcion_punto_refencia, fk_salon_fiesta) value (null, 'frente al CC El llanito', 254);
insert into PUNTO_REFERENCIA(id_punto_refencia, descripcion_punto_refencia, fk_salon_fiesta) value (null, 'Al llegar a la plaza tomar 2 izquierdas e ir recto hasta el final', 255);
insert into PUNTO_REFERENCIA(id_punto_refencia, descripcion_punto_refencia, fk_salon_fiesta) value (null, 'Sotano del CC El Cacique', 256);
insert into PUNTO_REFERENCIA(id_punto_refencia, descripcion_punto_refencia, fk_salon_fiesta) value (null, 'Luego del araguaney ingresar por el porton negro', 257);
insert into PUNTO_REFERENCIA(id_punto_refencia, descripcion_punto_refencia, fk_salon_fiesta) value (null, 'Farmatodo', 258);
insert into PUNTO_REFERENCIA(id_punto_refencia, descripcion_punto_refencia, fk_salon_fiesta) value (null, 'McDonalds', 259);
insert into PUNTO_REFERENCIA(id_punto_refencia, descripcion_punto_refencia, fk_salon_fiesta) value (null, 'CC Pradera Seca', 260);
insert into PUNTO_REFERENCIA(id_punto_refencia, descripcion_punto_refencia, fk_salon_fiesta) value (null, 'El crustaceo cascarudo', 261);
insert into PUNTO_REFERENCIA(id_punto_refencia, descripcion_punto_refencia, fk_salon_fiesta) value (null, 'Tintoreria siempre limpio', 262);
insert into PUNTO_REFERENCIA(id_punto_refencia, descripcion_punto_refencia, fk_salon_fiesta) value (null, 'KFC', 263);

select * from PUNTO_REFERENCIA;
select sev.id_servicio, sev.nombre_servicio, l.nombre_lugar from salon_fiesta sal, servicio sev, lugar l where sal.id_servicio = sev.id_servicio and sal.fk_lugar = l.id_lugar and sev.fk_categoria = 12;